119.6920768,314.1935861,1.587442556,0,0
119.6904123,314.2935723,1.587442556,0,0.1
119.6887477,314.3935584,1.587442556,0,0.2
119.6870832,314.4935446,1.587442556,0,0.3
119.6854186,314.5935307,1.587442556,0,0.4
119.6837541,314.6935168,1.587442556,0,0.5
119.6820895,314.793503,1.587442556,0,0.6
119.680425,314.8934891,1.587442556,0,0.7
119.6787604,314.9934753,1.587442556,0,0.8
119.6770959,315.0934614,1.587442556,0,0.9
119.6754314,315.1934476,1.587442556,0,1
119.6737668,315.2934337,1.587442556,0,1.1
119.6721023,315.3934199,1.587442556,0,1.2
119.6704377,315.493406,1.587442556,0,1.3
119.6687732,315.5933922,1.587442556,0,1.4
119.6671086,315.6933783,1.587442556,0,1.5
119.6654441,315.7933644,1.587442556,0,1.6
119.6637795,315.8933506,1.587442556,0,1.7
119.662115,315.9933367,1.587442556,0,1.8
119.6604504,316.0933229,1.587442556,0,1.9
119.6587859,316.193309,1.587442556,0,2
119.6571213,316.2932952,1.587442556,0,2.1
119.6554568,316.3932813,1.587442556,0,2.2
119.6537923,316.4932675,1.587442556,0,2.3
119.6521277,316.5932536,1.587442556,0,2.4
119.6504632,316.6932398,1.587442556,0,2.5
119.6487986,316.7932259,1.587442556,0,2.6
119.6471341,316.893212,1.587442556,0,2.7
119.6454695,316.9931982,1.587442556,0,2.8
119.643805,317.0931843,1.587442556,0,2.9
119.6421404,317.1931705,1.587442556,0,3
119.6404759,317.2931566,1.587442556,0,3.1
119.6388113,317.3931428,1.587442556,0,3.2
119.6371468,317.4931289,1.587442556,0,3.3
119.6354822,317.5931151,1.587442556,0,3.4
119.6338177,317.6931012,1.587442556,0,3.5
119.6321532,317.7930874,1.587442556,0,3.6
119.6304886,317.8930735,1.587442556,0,3.7
119.6288241,317.9930596,1.587442556,0,3.8
119.6271595,318.0930458,1.587442556,0,3.9
119.625495,318.1930319,1.587442556,0,4
119.6238304,318.2930181,1.587442556,0,4.1
119.6221659,318.3930042,1.587442556,0,4.2
119.6205013,318.4929904,1.587442556,0,4.3
119.6188368,318.5929765,1.587442556,0,4.4
119.6171722,318.6929627,1.587442556,0,4.5
119.6155077,318.7929488,1.587442556,0,4.6
119.6138431,318.892935,1.587442556,0,4.7
119.6121786,318.9929211,1.587442556,0,4.8
119.6105141,319.0929072,1.587442556,0,4.9
119.6088495,319.1928934,1.587442556,0,5
119.607185,319.2928795,1.587442556,0,5.1
119.6055204,319.3928657,1.587442556,0,5.2
119.6038559,319.4928518,1.587442556,0,5.3
119.6021913,319.592838,1.587442556,0,5.4
119.6005268,319.6928241,1.587442556,0,5.5
119.5988622,319.7928103,1.587442556,0,5.6
119.5971977,319.8927964,1.587442556,0,5.7
119.5955331,319.9927826,1.587442556,0,5.8
119.5938686,320.0927687,1.587442556,0,5.9
119.592204,320.1927548,1.587442556,0,6
119.5905395,320.292741,1.587442556,0,6.1
119.588875,320.3927271,1.587442556,0,6.2
119.5872104,320.4927133,1.587442556,0,6.3
119.5855459,320.5926994,1.587442556,0,6.4
119.5838813,320.6926856,1.587442556,0,6.5
119.5822168,320.7926717,1.587442556,0,6.6
119.5805522,320.8926579,1.587442556,0,6.7
119.5788877,320.992644,1.587442556,0,6.8
119.5772231,321.0926302,1.587442556,0,6.9
119.5755586,321.1926163,1.587442556,0,7
119.573894,321.2926024,1.587442556,0,7.1
119.5722295,321.3925886,1.587442556,0,7.2
119.570565,321.4925747,1.587442556,0,7.3
119.5689004,321.5925609,1.587442556,0,7.4
119.5672359,321.692547,1.587442556,0,7.5
119.5655713,321.7925332,1.587442556,0,7.6
119.5639068,321.8925193,1.587442556,0,7.7
119.5622422,321.9925055,1.587442556,0,7.8
119.5605777,322.0924916,1.587442556,0,7.9
119.5589131,322.1924778,1.587442556,0,8
119.5572486,322.2924639,1.587442556,0,8.1
119.555584,322.39245,1.587442556,0,8.2
119.5539195,322.4924362,1.587442556,0,8.3
119.5522549,322.5924223,1.587442556,0,8.4
119.5505904,322.6924085,1.587442556,0,8.5
119.5489259,322.7923946,1.587442556,0,8.6
119.5472613,322.8923808,1.587442556,0,8.7
119.5455968,322.9923669,1.587442556,0,8.8
119.5439322,323.0923531,1.587442556,0,8.9
119.5422677,323.1923392,1.587442556,0,9
119.5406031,323.2923254,1.587442556,0,9.1
119.5389386,323.3923115,1.587442556,0,9.2
119.537274,323.4922976,1.587442556,0,9.3
119.5356095,323.5922838,1.587442556,0,9.4
119.5339449,323.6922699,1.587442556,0,9.5
119.5322804,323.7922561,1.587442556,0,9.6
119.5306158,323.8922422,1.587442556,0,9.7
119.5289513,323.9922284,1.587442556,0,9.8
119.5272868,324.0922145,1.587442556,0,9.9
119.5256222,324.1922007,1.587442556,0,10
119.5239577,324.2921868,1.587442556,0,10.1
119.5222931,324.392173,1.587442556,0,10.2
119.5206286,324.4921591,1.587442556,0,10.3
119.518964,324.5921452,1.587442556,0,10.4
119.5172995,324.6921314,1.587442556,0,10.5
119.5156349,324.7921175,1.587442556,0,10.6
119.5139704,324.8921037,1.587442556,0,10.7
119.5123058,324.9920898,1.587442556,0,10.8
119.5106413,325.092076,1.587442556,0,10.9
119.5089767,325.1920621,1.587442556,0,11
119.5073122,325.2920483,1.587442556,0,11.1
119.5056477,325.3920344,1.587442556,0,11.2
119.5039831,325.4920206,1.587442556,0,11.3
119.5023186,325.5920067,1.587442556,0,11.4
119.500654,325.6919928,1.587442556,0,11.5
119.4989895,325.791979,1.587442556,0,11.6
119.4973249,325.8919651,1.587442556,0,11.7
119.4956604,325.9919513,1.587442556,0,11.8
119.4939958,326.0919374,1.587442556,0,11.9
119.4923313,326.1919236,1.587442556,0,12
119.4906667,326.2919097,1.587442556,0,12.1
119.4890022,326.3918959,1.587442556,0,12.2
119.4873376,326.491882,1.587442556,0,12.3
119.4856731,326.5918682,1.587442556,0,12.4
119.4840086,326.6918543,1.587442556,0,12.5
119.482344,326.7918404,1.587442556,0,12.6
119.4806795,326.8918266,1.587442556,0,12.7
119.4790149,326.9918127,1.587442556,0,12.8
119.4773504,327.0917989,1.587442556,0,12.9
119.4756858,327.191785,1.587442556,0,13
119.4740213,327.2917712,1.587442556,0,13.1
119.4723567,327.3917573,1.587442556,0,13.2
119.4706922,327.4917435,1.587442556,0,13.3
119.4690276,327.5917296,1.587442556,0,13.4
119.4673631,327.6917158,1.587442556,0,13.5
119.4656986,327.7917019,1.587442556,0,13.6
119.464034,327.891688,1.587442556,0,13.7
119.4623695,327.9916742,1.587442556,0,13.8
119.4607049,328.0916603,1.587442556,0,13.9
119.4590404,328.1916465,1.587442556,0,14
119.4573758,328.2916326,1.587442556,0,14.1
119.4557113,328.3916188,1.587442556,0,14.2
119.4540467,328.4916049,1.587442556,0,14.3
119.4523822,328.5915911,1.587442556,0,14.4
119.4507176,328.6915772,1.587442556,0,14.5
119.4490531,328.7915634,1.587442556,0,14.6
119.4473885,328.8915495,1.587442556,0,14.7
119.445724,328.9915356,1.587442556,0,14.8
119.4440595,329.0915218,1.587442556,0,14.9
119.4423949,329.1915079,1.587442556,0,15
119.4407304,329.2914941,1.587442556,0,15.1
119.4390658,329.3914802,1.587442556,0,15.2
119.4374013,329.4914664,1.587442556,0,15.3
119.4357367,329.5914525,1.587442556,0,15.4
119.4340722,329.6914387,1.587442556,0,15.5
119.4324076,329.7914248,1.587442556,0,15.6
119.4307431,329.891411,1.587442556,0,15.7
119.4290785,329.9913971,1.587442556,0,15.8
119.427414,330.0913832,1.587442556,0,15.9
119.4257494,330.1913694,1.587442556,0,16
119.4240849,330.2913555,1.587442556,0,16.1
119.4224204,330.3913417,1.587442556,0,16.2
119.4207558,330.4913278,1.587442556,0,16.3
119.4190913,330.591314,1.587442556,0,16.4
119.4174267,330.6913001,1.587442556,0,16.5
119.4157622,330.7912863,1.587442556,0,16.6
119.4140976,330.8912724,1.587442556,0,16.7
119.4124331,330.9912586,1.587442556,0,16.8
119.4107685,331.0912447,1.587442556,0,16.9
119.409104,331.1912308,1.587442556,0,17
119.4074394,331.291217,1.587442556,0,17.1
119.4057749,331.3912031,1.587442556,0,17.2
119.4041103,331.4911893,1.587442556,0,17.3
119.4024458,331.5911754,1.587442556,0,17.4
119.4007813,331.6911616,1.587442556,0,17.5
119.3991167,331.7911477,1.587442556,0,17.6
119.3974522,331.8911339,1.587442556,0,17.7
119.3957876,331.99112,1.587442556,0,17.8
119.3941231,332.0911062,1.587442556,0,17.9
119.3924585,332.1910923,1.587442556,0,18
119.390794,332.2910784,1.587442556,0,18.1
119.3891294,332.3910646,1.587442556,0,18.2
119.3874649,332.4910507,1.587442556,0,18.3
119.3858003,332.5910369,1.587442556,0,18.4
119.3841358,332.691023,1.587442556,0,18.5
119.3824712,332.7910092,1.587442556,0,18.6
119.3808067,332.8909953,1.587442556,0,18.7
119.3791422,332.9909815,1.587442556,0,18.8
119.3774776,333.0909676,1.587442556,0,18.9
119.3758131,333.1909538,1.587442556,0,19
119.3741485,333.2909399,1.587442556,0,19.1
119.372484,333.390926,1.587442556,0,19.2
119.3708194,333.4909122,1.587442556,0,19.3
119.3691549,333.5908983,1.587442556,0,19.4
119.3674903,333.6908845,1.587442556,0,19.5
119.3658258,333.7908706,1.587442556,0,19.6
119.3641612,333.8908568,1.587442556,0,19.7
119.3624967,333.9908429,1.587442556,0,19.8
119.3608322,334.0908291,1.587442556,0,19.9
119.3591676,334.1908152,1.587442556,0,20
119.3575031,334.2908014,1.587442556,0,20.1
119.3558385,334.3907875,1.587442556,0,20.2
119.354174,334.4907736,1.587442556,0,20.3
119.3525094,334.5907598,1.587442556,0,20.4
119.3508449,334.6907459,1.587442556,0,20.5
119.3491803,334.7907321,1.587442556,0,20.6
119.3475158,334.8907182,1.587442556,0,20.7
119.3458512,334.9907044,1.587442556,0,20.8
119.3441867,335.0906905,1.587442556,0,20.9
119.3425221,335.1906767,1.587442556,0,21
119.3408576,335.2906628,1.587442556,0,21.1
119.3391931,335.390649,1.587442556,0,21.2
119.3375285,335.4906351,1.587442556,0,21.3
119.335864,335.5906212,1.587442556,0,21.4
119.3341994,335.6906074,1.587442556,0,21.5
119.3325349,335.7905935,1.587442556,0,21.6
119.3308703,335.8905797,1.587442556,0,21.7
119.3292058,335.9905658,1.587442556,0,21.8
119.3275412,336.090552,1.587442556,0,21.9
119.3258767,336.1905381,1.587442556,0,22
119.3242121,336.2905243,1.587442556,0,22.1
119.3225476,336.3905104,1.587442556,0,22.2
119.320883,336.4904966,1.587442556,0,22.3
119.3192185,336.5904827,1.587442556,0,22.4
119.317554,336.6904688,1.587442556,0,22.5
119.3158894,336.790455,1.587442556,0,22.6
119.3142249,336.8904411,1.587442556,0,22.7
119.3125603,336.9904273,1.587442556,0,22.8
119.3108958,337.0904134,1.587442556,0,22.9
119.3092312,337.1903996,1.587442556,0,23
119.3075667,337.2903857,1.587442556,0,23.1
119.3059021,337.3903719,1.587442556,0,23.2
119.3042376,337.490358,1.587442556,0,23.3
119.302573,337.5903442,1.587442556,0,23.4
119.3009085,337.6903303,1.587442556,0,23.5
119.2992439,337.7903164,1.587442556,0,23.6
119.2975794,337.8903026,1.587442556,0,23.7
119.2959149,337.9902887,1.587442556,0,23.8
119.2942503,338.0902749,1.587442556,0,23.9
119.2925858,338.190261,1.587442556,0,24
119.2909212,338.2902472,1.587442556,0,24.1
119.2892567,338.3902333,1.587442556,0,24.2
119.2875921,338.4902195,1.587442556,0,24.3
119.2859276,338.5902056,1.587442556,0,24.4
119.284263,338.6901918,1.587442556,0,24.5
119.2825985,338.7901779,1.587442556,0,24.6
119.2809339,338.890164,1.587442556,0,24.7
119.2792694,338.9901502,1.587442556,0,24.8
119.2776048,339.0901363,1.587442556,0,24.9
119.2759403,339.1901225,1.587442556,0,25
119.2742758,339.2901086,1.587442556,0,25.1
119.2726112,339.3900948,1.587442556,0,25.2
119.2709467,339.4900809,1.587442556,0,25.3
119.2692821,339.5900671,1.587442556,0,25.4
119.2676176,339.6900532,1.587442556,0,25.5
119.265953,339.7900394,1.587442556,0,25.6
119.2642885,339.8900255,1.587442556,0,25.7
119.2626239,339.9900116,1.587442556,0,25.8
119.2609594,340.0899978,1.587442556,0,25.9
119.2592948,340.1899839,1.587442556,0,26
119.2576303,340.2899701,1.587442556,0,26.1
119.2559657,340.3899562,1.587442556,0,26.2
119.2543012,340.4899424,1.587442556,0,26.3
119.2526367,340.5899285,1.587442556,0,26.4
119.2509721,340.6899147,1.587442556,0,26.5
119.2493076,340.7899008,1.587442556,0,26.6
119.247643,340.889887,1.587442556,0,26.7
119.2459785,340.9898731,1.587442556,0,26.8
119.2443139,341.0898592,1.587442556,0,26.9
119.2426494,341.1898454,1.587442556,0,27
119.2409848,341.2898315,1.587442556,0,27.1
119.2393203,341.3898177,1.587442556,0,27.2
119.2376557,341.4898038,1.587442556,0,27.3
119.2359912,341.58979,1.587442556,0,27.4
119.2343267,341.6897761,1.587442556,0,27.5
119.2326621,341.7897623,1.587442556,0,27.6
119.2309976,341.8897484,1.587442556,0,27.7
119.229333,341.9897346,1.587442556,0,27.8
119.2276685,342.0897207,1.587442556,0,27.9
119.2260039,342.1897068,1.587442556,0,28
119.2243394,342.289693,1.587442556,0,28.1
119.2226748,342.3896791,1.587442556,0,28.2
119.2210103,342.4896653,1.587442556,0,28.3
119.2193457,342.5896514,1.587442556,0,28.4
119.2176812,342.6896376,1.587442556,0,28.5
119.2160166,342.7896237,1.587442556,0,28.6
119.2143521,342.8896099,1.587442556,0,28.7
119.2126876,342.989596,1.587442556,0,28.8
119.211023,343.0895822,1.587442556,0,28.9
119.2093585,343.1895683,1.587442556,0,29
119.2076939,343.2895544,1.587442556,0,29.1
119.2060294,343.3895406,1.587442556,0,29.2
119.2043648,343.4895267,1.587442556,0,29.3
119.2027003,343.5895129,1.587442556,0,29.4
119.2010357,343.689499,1.587442556,0,29.5
119.1993712,343.7894852,1.587442556,0,29.6
119.1977066,343.8894713,1.587442556,0,29.7
119.1960421,343.9894575,1.587442556,0,29.8
119.1943775,344.0894436,1.587442556,0,29.9
119.192713,344.1894298,1.587442556,0,30
119.1910485,344.2894159,1.587442556,0,30.1
119.1893839,344.389402,1.587442556,0,30.2
119.1877194,344.4893882,1.587442556,0,30.3
119.1860548,344.5893743,1.587442556,0,30.4
119.1843903,344.6893605,1.587442556,0,30.5
119.1827257,344.7893466,1.587442556,0,30.6
119.1810612,344.8893328,1.587442556,0,30.7
119.1793966,344.9893189,1.587442556,0,30.8
119.1777321,345.0893051,1.587442556,0,30.9
119.1760675,345.1892912,1.587442556,0,31
119.174403,345.2892774,1.587442556,0,31.1
119.1727384,345.3892635,1.587442556,0,31.2
119.1710739,345.4892496,1.587442556,0,31.3
119.1694094,345.5892358,1.587442556,0,31.4
119.1677448,345.6892219,1.587442556,0,31.5
119.1660803,345.7892081,1.587442556,0,31.6
119.1644157,345.8891942,1.587442556,0,31.7
119.1627512,345.9891804,1.587442556,0,31.8
119.1610866,346.0891665,1.587442556,0,31.9
119.1594221,346.1891527,1.587442556,0,32
119.1577575,346.2891388,1.587442556,0,32.1
119.156093,346.389125,1.587442556,0,32.2
119.1544284,346.4891111,1.587442556,0,32.3
119.1527639,346.5890972,1.587442556,0,32.4
119.1510993,346.6890834,1.587442556,0,32.5
119.1494348,346.7890695,1.587442556,0,32.6
119.1477703,346.8890557,1.587442556,0,32.7
119.1461057,346.9890418,1.587442556,0,32.8
119.1444412,347.089028,1.587442556,0,32.9
119.1427766,347.1890141,1.587442556,0,33
119.1411121,347.2890003,1.587442556,0,33.1
119.1394475,347.3889864,1.587442556,0,33.2
119.137783,347.4889726,1.587442556,0,33.3
119.1361184,347.5889587,1.587442556,0,33.4
119.1344539,347.6889448,1.587442556,0,33.5
119.1327893,347.788931,1.587442556,0,33.6
119.1311248,347.8889171,1.587442556,0,33.7
119.1294603,347.9889033,1.587442556,0,33.8
119.1277957,348.0888894,1.587442556,0,33.9
119.1261312,348.1888756,1.587442556,0,34
119.1244666,348.2888617,1.587442556,0,34.1
119.1228021,348.3888479,1.587442556,0,34.2
119.1211375,348.488834,1.587442556,0,34.3
119.119473,348.5888202,1.587442556,0,34.4
119.1178084,348.6888063,1.587442556,0,34.5
119.1161439,348.7887924,1.587442556,0,34.6
119.1144793,348.8887786,1.587442556,0,34.7
119.1128148,348.9887647,1.587442556,0,34.8
119.1111502,349.0887509,1.587442556,0,34.9
119.1094857,349.188737,1.587442556,0,35
119.1078212,349.2887232,1.587442556,0,35.1
119.1061566,349.3887093,1.587442556,0,35.2
119.1044921,349.4886955,1.587442556,0,35.3
119.1028275,349.5886816,1.587442556,0,35.4
119.101163,349.6886678,1.587442556,0,35.5
119.0994984,349.7886539,1.587442556,0,35.6
119.0978339,349.88864,1.587442556,0,35.7
119.0961693,349.9886262,1.587442556,0,35.8
119.0945048,350.0886123,1.587442556,0,35.9
119.0928402,350.1885985,1.587442556,0,36
119.0911757,350.2885846,1.587442556,0,36.1
119.0895111,350.3885708,1.587442556,0,36.2
119.0878466,350.4885569,1.587442556,0,36.3
119.0861821,350.5885431,1.587442556,0,36.4
119.0845175,350.6885292,1.587442556,0,36.5
119.082853,350.7885154,1.587442556,0,36.6
119.0811884,350.8885015,1.587442556,0,36.7
119.0795239,350.9884876,1.587442556,0,36.8
119.0778593,351.0884738,1.587442556,0,36.9
119.0761948,351.1884599,1.587442556,0,37
119.0745302,351.2884461,1.587442556,0,37.1
119.0728657,351.3884322,1.587442556,0,37.2
119.0712011,351.4884184,1.587442556,0,37.3
119.0695366,351.5884045,1.587442556,0,37.4
119.067872,351.6883907,1.587442556,0,37.5
119.0662075,351.7883768,1.587442556,0,37.6
119.064543,351.888363,1.587442556,0,37.7
119.0628784,351.9883491,1.587442556,0,37.8
119.0612139,352.0883352,1.587442556,0,37.9
119.0595493,352.1883214,1.587442556,0,38
119.0578848,352.2883075,1.587442556,0,38.1
119.0562202,352.3882937,1.587442556,0,38.2
119.0545557,352.4882798,1.587442556,0,38.3
119.0528911,352.588266,1.587442556,0,38.4
119.0512266,352.6882521,1.587442556,0,38.5
119.049562,352.7882383,1.587442556,0,38.6
119.0478975,352.8882244,1.587442556,0,38.7
119.0462329,352.9882106,1.587442556,0,38.8
119.0445684,353.0881967,1.587442556,0,38.9
119.0429039,353.1881828,1.587442556,0,39
119.0412393,353.288169,1.587442556,0,39.1
119.0395748,353.3881551,1.587442556,0,39.2
119.0379102,353.4881413,1.587442556,0,39.3
119.0362457,353.5881274,1.587442556,0,39.4
119.0345811,353.6881136,1.587442556,0,39.5
119.0329166,353.7880997,1.587442556,0,39.6
119.031252,353.8880859,1.587442556,0,39.7
119.0295875,353.988072,1.587442556,0,39.8
119.0279229,354.0880582,1.587442556,0,39.9
119.0262584,354.1880443,1.587442556,0,40
119.0245939,354.2880304,1.587442556,0,40.1
119.0229293,354.3880166,1.587442556,0,40.2
119.0212648,354.4880027,1.587442556,0,40.3
119.0196002,354.5879889,1.587442556,0,40.4
119.0179357,354.687975,1.587442556,0,40.5
119.0162711,354.7879612,1.587442556,0,40.6
119.0146066,354.8879473,1.587442556,0,40.7
119.012942,354.9879335,1.587442556,0,40.8
119.0112775,355.0879196,1.587442556,0,40.9
119.0096129,355.1879058,1.587442556,0,41
119.0079484,355.2878919,1.587442556,0,41.1
119.0062838,355.387878,1.587442556,0,41.2
119.0046193,355.4878642,1.587442556,0,41.3
119.0029548,355.5878503,1.587442556,0,41.4
119.0012902,355.6878365,1.587442556,0,41.5
118.9996257,355.7878226,1.587442556,0,41.6
118.9979611,355.8878088,1.587442556,0,41.7
118.9962966,355.9877949,1.587442556,0,41.8
118.994632,356.0877811,1.587442556,0,41.9
118.9929675,356.1877672,1.587442556,0,42
118.9913029,356.2877534,1.587442556,0,42.1
118.9896384,356.3877395,1.587442556,0,42.2
118.9879738,356.4877256,1.587442556,0,42.3
118.9863093,356.5877118,1.587442556,0,42.4
118.9846447,356.6876979,1.587442556,0,42.5
118.9829802,356.7876841,1.587442556,0,42.6
118.9813157,356.8876702,1.587442556,0,42.7
118.9796511,356.9876564,1.587442556,0,42.8
118.9779866,357.0876425,1.587442556,0,42.9
118.976322,357.1876287,1.587442556,0,43
118.9746575,357.2876148,1.587442556,0,43.1
118.9729929,357.387601,1.587442556,0,43.2
118.9713284,357.4875871,1.587442556,0,43.3
118.9696638,357.5875732,1.587442556,0,43.4
118.9679993,357.6875594,1.587442556,0,43.5
118.9663347,357.7875455,1.587442556,0,43.6
118.9646702,357.8875317,1.587442556,0,43.7
118.9630056,357.9875178,1.587442556,0,43.8
118.9613411,358.087504,1.587442556,0,43.9
118.9596766,358.1874901,1.587442556,0,44
118.958012,358.2874763,1.587442556,0,44.1
118.9563475,358.3874624,1.587442556,0,44.2
118.9546829,358.4874486,1.587442556,0,44.3
118.9530184,358.5874347,1.587442556,0,44.4
118.9513538,358.6874208,1.587442556,0,44.5
118.9496893,358.787407,1.587442556,0,44.6
118.9480247,358.8873931,1.587442556,0,44.7
118.9463602,358.9873793,1.587442556,0,44.8
118.9446956,359.0873654,1.587442556,0,44.9
118.9430311,359.1873516,1.587442556,0,45
118.9413665,359.2873377,1.587442556,0,45.1
118.939702,359.3873239,1.587442556,0,45.2
118.9380375,359.48731,1.587442556,0,45.3
118.9363729,359.5872962,1.587442556,0,45.4
118.9347084,359.6872823,1.587442556,0,45.5
118.9330438,359.7872684,1.587442556,0,45.6
118.9313793,359.8872546,1.587442556,0,45.7
118.9297147,359.9872407,1.587442556,0,45.8
118.9280502,360.0872269,1.587442556,0,45.9
118.9263856,360.187213,1.587442556,0,46
118.9247211,360.2871992,1.587442556,0,46.1
118.9230565,360.3871853,1.587442556,0,46.2
118.921392,360.4871715,1.587442556,0,46.3
118.9197274,360.5871576,1.587442556,0,46.4
118.9180629,360.6871438,1.587442556,0,46.5
118.9163984,360.7871299,1.587442556,0,46.6
118.9147338,360.887116,1.587442556,0,46.7
118.9130693,360.9871022,1.587442556,0,46.8
118.9114047,361.0870883,1.587442556,0,46.9
118.9097402,361.1870745,1.587442556,0,47
118.9080756,361.2870606,1.587442556,0,47.1
118.9064111,361.3870468,1.587442556,0,47.2
118.9047465,361.4870329,1.587442556,0,47.3
118.903082,361.5870191,1.587442556,0,47.4
118.9014174,361.6870052,1.587442556,0,47.5
118.8997529,361.7869914,1.587442556,0,47.6
118.8980884,361.8869775,1.587442556,0,47.7
118.8964238,361.9869636,1.587442556,0,47.8
118.8947593,362.0869498,1.587442556,0,47.9
118.8930947,362.1869359,1.587442556,0,48
118.8914302,362.2869221,1.587442556,0,48.1
118.8897656,362.3869082,1.587442556,0,48.2
118.8881011,362.4868944,1.587442556,0,48.3
118.8864365,362.5868805,1.587442556,0,48.4
118.884772,362.6868667,1.587442556,0,48.5
118.8831074,362.7868528,1.587442556,0,48.6
118.8814429,362.886839,1.587442556,0,48.7
118.8797783,362.9868251,1.587442556,0,48.8
118.8781138,363.0868113,1.587442556,0,48.9
118.8764493,363.1867974,1.587442556,0,49
118.8747847,363.2867835,1.587442556,0,49.1
118.8731202,363.3867697,1.587442556,0,49.2
118.8714556,363.4867558,1.587442556,0,49.3
118.8697911,363.586742,1.587442556,0,49.4
118.8681265,363.6867281,1.587442556,0,49.5
118.866462,363.7867143,1.587442556,0,49.6
118.8647974,363.8867004,1.587442556,0,49.7
118.8631329,363.9866866,1.587442556,0,49.8
118.8614683,364.0866727,1.587442556,0,49.9
118.8598038,364.1866589,1.587442556,0,50
118.8581392,364.286645,1.587442556,0,50.1
118.8564747,364.3866311,1.587442556,0,50.2
118.8548102,364.4866173,1.587442556,0,50.3
118.8531456,364.5866034,1.587442556,0,50.4
118.8514811,364.6865896,1.587442556,0,50.5
118.8498165,364.7865757,1.587442556,0,50.6
118.848152,364.8865619,1.587442556,0,50.7
118.8464874,364.986548,1.587442556,0,50.8
118.8448229,365.0865342,1.587442556,0,50.9
118.8431583,365.1865203,1.587442556,0,51
118.8414938,365.2865065,1.587442556,0,51.1
118.8398292,365.3864926,1.587442556,0,51.2
118.8381647,365.4864787,1.587442556,0,51.3
118.8365001,365.5864649,1.587442556,0,51.4
118.8348356,365.686451,1.587442556,0,51.5
118.8331711,365.7864372,1.587442556,0,51.6
118.8315065,365.8864233,1.587442556,0,51.7
118.829842,365.9864095,1.587442556,0,51.8
118.8281774,366.0863956,1.587442556,0,51.9
118.8265129,366.1863818,1.587442556,0,52
118.8248483,366.2863679,1.587442556,0,52.1
118.8231838,366.3863541,1.587442556,0,52.2
118.8215192,366.4863402,1.587442556,0,52.3
118.8198547,366.5863263,1.587442556,0,52.4
118.8181901,366.6863125,1.587442556,0,52.5
118.8165256,366.7862986,1.587442556,0,52.6
118.814861,366.8862848,1.587442556,0,52.7
118.8131965,366.9862709,1.587442556,0,52.8
118.811532,367.0862571,1.587442556,0,52.9
118.8098674,367.1862432,1.587442556,0,53
118.8082029,367.2862294,1.587442556,0,53.1
118.8065383,367.3862155,1.587442556,0,53.2
118.8048738,367.4862017,1.587442556,0,53.3
118.8032092,367.5861878,1.587442556,0,53.4
118.8015447,367.6861739,1.587442556,0,53.5
118.7998801,367.7861601,1.587442556,0,53.6
118.7982156,367.8861462,1.587442556,0,53.7
118.796551,367.9861324,1.587442556,0,53.8
118.7948865,368.0861185,1.587442556,0,53.9
118.793222,368.1861047,1.587442556,0,54
118.7915574,368.2860908,1.587442556,0,54.1
118.7898929,368.386077,1.587442556,0,54.2
118.7882283,368.4860631,1.587442556,0,54.3
118.7865638,368.5860493,1.587442556,0,54.4
118.7848992,368.6860354,1.587442556,0,54.5
118.7832347,368.7860215,1.587442556,0,54.6
118.7815701,368.8860077,1.587442556,0,54.7
118.7799056,368.9859938,1.587442556,0,54.8
118.778241,369.08598,1.587442556,0,54.9
118.7765765,369.1859661,1.587442556,0,55
118.7749119,369.2859523,1.587442556,0,55.1
118.7732474,369.3859384,1.587442556,0,55.2
118.7715829,369.4859246,1.587442556,0,55.3
118.7699183,369.5859107,1.587442556,0,55.4
118.7682538,369.6858969,1.587442556,0,55.5
118.7665892,369.785883,1.587442556,0,55.6
118.7649247,369.8858691,1.587442556,0,55.7
118.7632601,369.9858553,1.587442556,0,55.8
118.7615956,370.0858414,1.587442556,0,55.9
118.759931,370.1858276,1.587442556,0,56
118.7582665,370.2858137,1.587442556,0,56.1
118.7566019,370.3857999,1.587442556,0,56.2
118.7549374,370.485786,1.587442556,0,56.3
118.7532728,370.5857722,1.587442556,0,56.4
118.7516083,370.6857583,1.587442556,0,56.5
118.7499438,370.7857445,1.587442556,0,56.6
118.7482792,370.8857306,1.587442556,0,56.7
118.7466147,370.9857167,1.587442556,0,56.8
118.7449501,371.0857029,1.587442556,0,56.9
118.7432856,371.185689,1.587442556,0,57
118.741621,371.2856752,1.587442556,0,57.1
118.7399565,371.3856613,1.587442556,0,57.2
118.7382919,371.4856475,1.587442556,0,57.3
118.7366274,371.5856336,1.587442556,0,57.4
118.7349628,371.6856198,1.587442556,0,57.5
118.7332983,371.7856059,1.587442556,0,57.6
118.7316337,371.8855921,1.587442556,0,57.7
118.7299692,371.9855782,1.587442556,0,57.8
118.7283047,372.0855643,1.587442556,0,57.9
118.7266401,372.1855505,1.587442556,0,58
118.7249756,372.2855366,1.587442556,0,58.1
118.723311,372.3855228,1.587442556,0,58.2
118.7216465,372.4855089,1.587442556,0,58.3
118.7199819,372.5854951,1.587442556,0,58.4
118.7183174,372.6854812,1.587442556,0,58.5
118.7166528,372.7854674,1.587442556,0,58.6
118.7149883,372.8854535,1.587442556,0,58.7
118.7133237,372.9854397,1.587442556,0,58.8
118.7116592,373.0854258,1.587442556,0,58.9
118.7099946,373.1854119,1.587442556,0,59
118.7083301,373.2853981,1.587442556,0,59.1
118.7066656,373.3853842,1.587442556,0,59.2
118.705001,373.4853704,1.587442556,0,59.3
118.7033365,373.5853565,1.587442556,0,59.4
118.7016719,373.6853427,1.587442556,0,59.5
118.7000074,373.7853288,1.587442556,0,59.6
118.6983428,373.885315,1.587442556,0,59.7
118.6966783,373.9853011,1.587442556,0,59.8
118.6950137,374.0852873,1.587442556,0,59.9
118.6933492,374.1852734,1.587442556,0,60
118.6916846,374.2852595,1.587442556,0,60.1
118.6900201,374.3852457,1.587442556,0,60.2
118.6883555,374.4852318,1.587442556,0,60.3
118.686691,374.585218,1.587442556,0,60.4
118.6850265,374.6852041,1.587442556,0,60.5
118.6833619,374.7851903,1.587442556,0,60.6
118.6816974,374.8851764,1.587442556,0,60.7
118.6800328,374.9851626,1.587442556,0,60.8
118.6783683,375.0851487,1.587442556,0,60.9
118.6767037,375.1851349,1.587442556,0,61
118.6750392,375.285121,1.587442556,0,61.1
118.6733746,375.3851071,1.587442556,0,61.2
118.6717101,375.4850933,1.587442556,0,61.3
118.6700455,375.5850794,1.587442556,0,61.4
118.668381,375.6850656,1.587442556,0,61.5
118.6667165,375.7850517,1.587442556,0,61.6
118.6650519,375.8850379,1.587442556,0,61.7
118.6633874,375.985024,1.587442556,0,61.8
118.6617228,376.0850102,1.587442556,0,61.9
118.6600583,376.1849963,1.587442556,0,62
118.6583937,376.2849825,1.587442556,0,62.1
118.6567292,376.3849686,1.587442556,0,62.2
118.6550646,376.4849547,1.587442556,0,62.3
118.6534001,376.5849409,1.587442556,0,62.4
118.6517355,376.684927,1.587442556,0,62.5
118.650071,376.7849132,1.587442556,0,62.6
118.6484064,376.8848993,1.587442556,0,62.7
118.6467419,376.9848855,1.587442556,0,62.8
118.644189,377.1382349,1.484578803,-4.54E-19,0
118.6527902,377.2377263,1.4845178,-0.001221724,0.1
118.6614038,377.3372187,1.484334798,-0.002443221,0.2
118.670042,377.436713,1.484029819,-0.003664263,0.3
118.6787172,377.5362104,1.483602902,-0.004884622,0.4
118.6874416,377.6357118,1.483054101,-0.006104065,0.5
118.6962276,377.7352182,1.482383482,-0.007322359,0.6
118.7050875,377.8347306,1.481591132,-0.008539267,0.7
118.7140336,377.93425,1.480677151,-0.009754544,0.8
118.7230782,378.0337775,1.479641654,-0.010967946,0.9
118.7322337,378.133314,1.478484777,-0.012179219,1
118.7415123,378.2328605,1.477206668,-0.013388104,1.1
118.7509264,378.332418,1.475807497,-0.014594336,1.2
118.7604883,378.4319876,1.47428745,-0.01579764,1.3
118.7702103,378.5315702,1.472646731,-0.016997734,1.4
118.7801048,378.6311669,1.470885564,-0.01819433,1.5
118.790184,378.7307786,1.469004194,-0.019387126,1.6
118.8004602,378.8304063,1.467002884,-0.020575813,1.7
118.8109458,378.9300511,1.46488192,-0.021760071,1.8
118.8216531,379.0297139,1.462641609,-0.022939569,1.9
118.8325944,379.1293958,1.460279575,-0.024397305,2
118.8437859,379.2290944,1.457698514,-0.027057005,2.1
118.8552523,379.3287996,1.454849409,-0.02971984,2.2
118.8670197,379.4285003,1.451731892,-0.032387338,2.3
118.879114,379.5281854,1.448345495,-0.035060933,2.4
118.8915613,379.6278439,1.44468966,-0.037741957,2.5
118.9043876,379.7274645,1.440763739,-0.040431633,2.6
118.917619,379.8270363,1.436567011,-0.043131065,2.7
118.9312813,379.926548,1.432098681,-0.045841229,2.8
118.9454007,380.0259886,1.427357895,-0.048562967,2.9
118.9600031,380.1253469,1.422343748,-0.051296976,3
118.9751146,380.2246119,1.417055293,-0.054043796,3.1
118.9907611,380.3237725,1.411491552,-0.056803801,3.2
119.0069688,380.4228175,1.405651529,-0.059577188,3.3
119.0237635,380.5217358,1.399534222,-0.062363963,3.4
119.0411714,380.6205163,1.393138634,-0.065163932,3.5
119.0592183,380.7191479,1.386463791,-0.067976685,3.6
119.0779304,380.8176195,1.379508752,-0.070801587,3.7
119.0973337,380.91592,1.372272627,-0.07363776,3.8
119.1174541,381.0140383,1.364754596,-0.076484075,3.9
119.1383177,381.1119632,1.356953921,-0.079339133,4
119.1599505,381.2096837,1.348869968,-0.082201258,4.1
119.1823785,381.3071886,1.340502223,-0.085068481,4.2
119.2056276,381.4044669,1.331850315,-0.087938528,4.3
119.2297241,381.5015074,1.322914036,-0.09080881,4.4
119.2546937,381.598299,1.313693357,-0.093676412,4.5
119.2805626,381.6948306,1.304188458,-0.096538084,4.6
119.3073568,381.7910911,1.294399745,-0.099390234,4.7
119.3351022,381.8870694,1.284327874,-0.102228926,4.8
119.3638249,381.9827544,1.273973774,-0.105049871,4.9
119.393551,382.078135,1.263338672,-0.107848432,5
119.4243063,382.1732,1.252424116,-0.110619623,5.1
119.456117,382.2679383,1.241236225,-0.112761628,5.2
119.4889985,382.3623404,1.230038042,-0.111281133,5.3
119.5229389,382.4564002,1.218984036,-0.109808064,5.4
119.5579218,382.5501127,1.208073284,-0.108344158,5.5
119.5939307,382.6434724,1.19730475,-0.106891032,5.6
119.6309493,382.7364742,1.186677294,-0.105450191,5.7
119.6689612,382.8291127,1.17618968,-0.104023028,5.8
119.7079499,382.9213829,1.165840583,-0.102610831,5.9
119.7478989,383.0132793,1.155628593,-0.101214786,6
119.788792,383.1047967,1.145552226,-0.099835979,6.1
119.8306126,383.1959299,1.135609928,-0.098475404,6.2
119.8733443,383.2866737,1.12580008,-0.097133967,6.3
119.9169708,383.3770227,1.116121006,-0.095812486,6.4
119.9614756,383.4669717,1.106570978,-0.094511702,6.5
120.0068423,383.5565155,1.097148219,-0.093232279,6.6
120.0530544,383.6456488,1.08785091,-0.091974812,6.7
120.1000956,383.7343663,1.078677195,-0.090739828,6.8
120.1479495,383.8226628,1.069625183,-0.089527792,6.9
120.1965996,383.9105331,1.060692954,-0.08833911,7
120.2460294,383.9979719,1.051878564,-0.087174138,7.1
120.2962227,384.0849739,1.043180045,-0.086033178,7.2
120.3471629,384.1715338,1.03459541,-0.084916491,7.3
120.3988337,384.2576465,1.026122657,-0.083824291,7.4
120.4512186,384.3433067,1.017759773,-0.082756758,7.5
120.5043012,384.4285091,1.00950473,-0.081714036,7.6
120.5580651,384.5132484,1.001355497,-0.080696237,7.7
120.6124939,384.5975194,0.993310034,-0.079703445,7.8
120.6675711,384.6813169,0.985366299,-0.078735722,7.9
120.7232805,384.7646359,0.977527187,-0.077603809,8
120.7796084,384.8474785,0.969818354,-0.076294516,8.1
120.8365433,384.9298531,0.962244864,-0.074966655,8.2
120.894074,385.0117683,0.954807907,-0.073621688,8.3
120.9521891,385.0932328,0.94750858,-0.072261032,8.4
121.0108775,385.1742554,0.940347882,-0.07088606,8.5
121.0701278,385.2548446,0.933326726,-0.069498093,8.6
121.1299287,385.3350091,0.926445934,-0.068098404,8.7
121.190269,385.4147576,0.919706246,-0.066688214,8.8
121.2511373,385.4940988,0.913108323,-0.06526869,8.9
121.3125224,385.5730413,0.906652749,-0.063840947,9
121.374413,385.6515938,0.900340035,-0.062406043,9.1
121.4367978,385.729765,0.894170626,-0.060964985,9.2
121.4996656,385.8075636,0.888144898,-0.059518721,9.3
121.5630049,385.8849981,0.882263168,-0.058068149,9.4
121.6268047,385.9620774,0.876525695,-0.056614109,9.5
121.6910535,386.03881,0.870932683,-0.055157391,9.6
121.7557401,386.1152046,0.865484286,-0.053698728,9.7
121.8208531,386.1912699,0.860180611,-0.052238806,9.8
121.8863814,386.2670146,0.855021721,-0.050778255,9.9
121.9523137,386.3424473,0.850007638,-0.049317658,10
122.0186385,386.4175766,0.845139271,-0.047816623,10.1
122.0853425,386.4924096,0.840423272,-0.04627316,10.2
122.1524102,386.5669513,0.835860255,-0.044741168,10.3
122.2198257,386.6412069,0.831449376,-0.043220268,10.4
122.2875732,386.7151813,0.827189815,-0.041710041,10.5
122.355637,386.7888795,0.823080783,-0.040210032,10.6
122.4240014,386.8623067,0.81912152,-0.03871975,10.7
122.4926506,386.9354677,0.815311302,-0.037238668,10.8
122.5615687,387.0083677,0.81164944,-0.035766229,10.9
122.63074,387.0810117,0.808135285,-0.034301844,11
122.7001488,387.1534046,0.804768228,-0.032844896,11.1
122.7697793,387.2255516,0.8015477,-0.031394737,11.2
122.8396158,387.2974576,0.798473179,-0.029950693,11.3
122.9096423,387.3691278,0.795544189,-0.028512063,11.4
122.9798433,387.440567,0.792760302,-0.027078121,11.5
123.0502029,387.5117804,0.790121139,-0.025648114,11.6
123.1207053,387.5827729,0.787626373,-0.024221265,11.7
123.1913348,387.6535496,0.785275729,-0.022796775,11.8
123.2620757,387.7241156,0.783068987,-0.021373816,11.9
123.3329121,387.7944758,0.781005983,-0.019951542,12
123.4038282,387.8646352,0.779086612,-0.018529077,12.1
123.4748084,387.934599,0.777310826,-0.017105527,12.2
123.5458368,388.0043721,0.775678638,-0.01567997,12.3
123.6168977,388.0739596,0.774190123,-0.014251462,12.4
123.6879753,388.1433664,0.772845419,-0.012819034,12.5
123.7590539,388.2125977,0.771644729,-0.011381692,12.6
123.8301186,388.2816599,0.77060625,-0.009408849,12.7
123.9011646,388.3505755,0.769785375,-0.00717427,12.8
123.9721937,388.4193768,0.769187133,-0.004922372,12.9
124.0432074,388.4880963,0.768812497,-0.00265797,13
124.1142072,388.5567663,0.768662117,-0.000385932,13.1
124.185195,388.6254193,0.768736323,0.00188884,13.2
124.2561722,388.6940878,0.76903512,0.004161431,13.3
124.3271405,388.7628042,0.76955819,0.006426929,13.4
124.3981015,388.8316009,0.770304893,0.008680445,13.5
124.469057,388.9005104,0.771274266,0.010917129,13.6
124.5400084,388.969565,0.772465026,0.013132194,13.7
124.6109574,389.0387973,0.773875575,0.015320924,13.8
124.6819057,389.1082397,0.775504001,0.017478704,13.9
124.7528549,389.1779246,0.777348086,0.019601028,14
124.8238066,389.2478844,0.779405307,0.021683521,14.1
124.8947624,389.3181516,0.781672847,0.023721953,14.2
124.9657239,389.3887586,0.784147599,0.025712258,14.3
125.0366929,389.4597379,0.786826177,0.027650546,14.4
125.1076709,389.5311218,0.789704919,0.02953312,14.5
125.1786595,389.6029429,0.792779903,0.031356488,14.6
125.2496604,389.6752335,0.796046954,0.033117378,14.7
125.3206753,389.7480261,0.799501654,0.034812748,14.8
125.3917056,389.8213532,0.803139355,0.036439796,14.9
125.4627531,389.8952471,0.806955191,0.037995971,15
125.5338195,389.9697404,0.810944091,0.039478981,15.1
125.6049068,390.0448634,0.814935981,0.030798336,15.2
125.6760597,390.1205115,0.81656082,0.000612441,15.3
125.7473917,390.1963599,0.815071538,-0.029181931,15.4
125.8190226,390.2720635,0.810477423,-0.059021333,15.5
125.8910723,390.3472772,0.802757977,-0.089327764,15.6
125.9636604,390.4216559,0.791863966,-0.120508455,15.7
126.036907,390.4948546,0.777718798,-0.152952759,15.8
126.1109317,390.5665281,0.760220429,-0.187024562,15.9
126.1858545,390.6363315,0.739244121,-0.223048288,16
126.2617951,390.7039195,0.714646482,-0.26128633,16.1
126.3388733,390.7689471,0.686271311,-0.301905612,16.2
126.4172091,390.8310693,0.653957912,-0.344931309,16.3
126.4969222,390.8899409,0.617552546,-0.390187084,16.4
126.5781324,390.9452169,0.576923662,-0.437223956,16.5
126.6609596,390.9965522,0.531981286,-0.485244919,16.6
126.7455235,391.0436018,0.482700376,-0.533039679,16.7
126.8319441,391.0860204,0.429147051,-0.578952546,16.8
126.9203412,391.1234631,0.371505233,-0.620913476,16.9
127.0108127,391.1556432,0.312590637,-0.590395881,17
127.1032857,391.1827346,0.258251542,-0.536872433,17.1
127.1976058,391.2051294,0.208875359,-0.481657763,17.2
127.2936185,391.2232209,0.164510295,-0.426682568,17.3
127.3911688,391.2374026,0.125100289,-0.373278901,17.4
127.4901023,391.2480677,0.09051956,-0.322249089,17.5
127.590264,391.2556098,0.060602158,-0.27396994,17.6
127.6914994,391.260422,0.035165484,-0.228500825,17.7
127.7936536,391.2628979,0.014027998,-0.185678482,17.8
127.8965721,391.2634308,-0.002978073,-0.14519199,17.9
128.0001,391.2624141,-0.015997988,-0.10663769,18
128.1040827,391.2602411,-0.025148701,-0.069556929,18.1
128.3064579,391.2542036,0.030873025,0,0
128.4064102,391.2572904,0.030873025,0,0.1
128.5063625,391.2603772,0.030873025,0,0.2
128.6063149,391.263464,0.030873025,0,0.3
128.7062672,391.2665508,0.030873025,0,0.4
128.8062196,391.2696377,0.030873025,0,0.5
128.9061719,391.2727245,0.030873025,0,0.6
129.0061243,391.2758113,0.030873025,0,0.7
129.1060766,391.2788981,0.030873025,0,0.8
129.206029,391.2819849,0.030873025,0,0.9
129.3059813,391.2850717,0.030873025,0,1
129.4059337,391.2881585,0.030873025,0,1.1
129.505886,391.2912453,0.030873025,0,1.2
129.6058384,391.2943322,0.030873025,0,1.3
129.7057907,391.297419,0.030873025,0,1.4
129.8057431,391.3005058,0.030873025,0,1.5
129.9056954,391.3035926,0.030873025,0,1.6
130.0056477,391.3066794,0.030873025,0,1.7
130.1056001,391.3097662,0.030873025,0,1.8
130.2055524,391.312853,0.030873025,0,1.9
130.3055048,391.3159398,0.030873025,0,2
130.4054571,391.3190267,0.030873025,0,2.1
130.5054095,391.3221135,0.030873025,0,2.2
130.6053618,391.3252003,0.030873025,0,2.3
130.7053142,391.3282871,0.030873025,0,2.4
130.8052665,391.3313739,0.030873025,0,2.5
130.9052189,391.3344607,0.030873025,0,2.6
131.0051712,391.3375475,0.030873025,0,2.7
131.1051236,391.3406343,0.030873025,0,2.8
131.2050759,391.3437211,0.030873025,0,2.9
131.3050283,391.346808,0.030873025,0,3
131.4049806,391.3498948,0.030873025,0,3.1
131.5049329,391.3529816,0.030873025,0,3.2
131.6048853,391.3560684,0.030873025,0,3.3
131.7048376,391.3591552,0.030873025,0,3.4
131.80479,391.362242,0.030873025,0,3.5
131.9047423,391.3653288,0.030873025,0,3.6
132.0046947,391.3684156,0.030873025,0,3.7
132.104647,391.3715025,0.030873025,0,3.8
132.2045994,391.3745893,0.030873025,0,3.9
132.3045517,391.3776761,0.030873025,0,4
132.4045041,391.3807629,0.030873025,0,4.1
132.5044564,391.3838497,0.030873025,0,4.2
132.6044088,391.3869365,0.030873025,0,4.3
132.7043611,391.3900233,0.030873025,0,4.4
132.8043135,391.3931101,0.030873025,0,4.5
132.9042658,391.396197,0.030873025,0,4.6
133.0042181,391.3992838,0.030873025,0,4.7
133.1041705,391.4023706,0.030873025,0,4.8
133.2041228,391.4054574,0.030873025,0,4.9
133.3040752,391.4085442,0.030873025,0,5
133.4040275,391.411631,0.030873025,0,5.1
133.5039799,391.4147178,0.030873025,0,5.2
133.6039322,391.4178046,0.030873025,0,5.3
133.7038846,391.4208915,0.030873025,0,5.4
133.8038369,391.4239783,0.030873025,0,5.5
133.9037893,391.4270651,0.030873025,0,5.6
134.0037416,391.4301519,0.030873025,0,5.7
134.103694,391.4332387,0.030873025,0,5.8
134.2036463,391.4363255,0.030873025,0,5.9
134.3035986,391.4394123,0.030873025,0,6
134.403551,391.4424991,0.030873025,0,6.1
134.5035033,391.4455859,0.030873025,0,6.2
134.6034557,391.4486728,0.030873025,0,6.3
134.703408,391.4517596,0.030873025,0,6.4
134.8033604,391.4548464,0.030873025,0,6.5
134.9033127,391.4579332,0.030873025,0,6.6
135.0032651,391.46102,0.030873025,0,6.7
135.1032174,391.4641068,0.030873025,0,6.8
135.2031698,391.4671936,0.030873025,0,6.9
135.3031221,391.4702804,0.030873025,0,7
135.4030745,391.4733673,0.030873025,0,7.1
135.5030268,391.4764541,0.030873025,0,7.2
135.6029792,391.4795409,0.030873025,0,7.3
135.7029315,391.4826277,0.030873025,0,7.4
135.8028838,391.4857145,0.030873025,0,7.5
135.9028362,391.4888013,0.030873025,0,7.6
136.0027885,391.4918881,0.030873025,0,7.7
136.1027409,391.4949749,0.030873025,0,7.8
136.2026932,391.4980618,0.030873025,0,7.9
136.3026456,391.5011486,0.030873025,0,8
136.4025979,391.5042354,0.030873025,0,8.1
136.5025503,391.5073222,0.030873025,0,8.2
136.6025026,391.510409,0.030873025,0,8.3
136.702455,391.5134958,0.030873025,0,8.4
136.8024073,391.5165826,0.030873025,0,8.5
136.9023597,391.5196694,0.030873025,0,8.6
137.002312,391.5227562,0.030873025,0,8.7
137.1022644,391.5258431,0.030873025,0,8.8
137.2022167,391.5289299,0.030873025,0,8.9
137.302169,391.5320167,0.030873025,0,9
137.4021214,391.5351035,0.030873025,0,9.1
137.5020737,391.5381903,0.030873025,0,9.2
137.6020261,391.5412771,0.030873025,0,9.3
137.7019784,391.5443639,0.030873025,0,9.4
137.8019308,391.5474507,0.030873025,0,9.5
137.9018831,391.5505376,0.030873025,0,9.6
138.0018355,391.5536244,0.030873025,0,9.7
138.1017878,391.5567112,0.030873025,0,9.8
138.2017402,391.559798,0.030873025,0,9.9
138.3016925,391.5628848,0.030873025,0,10
138.4016449,391.5659716,0.030873025,0,10.1
138.5015972,391.5690584,0.030873025,0,10.2
138.6015496,391.5721452,0.030873025,0,10.3
138.7015019,391.5752321,0.030873025,0,10.4
138.8014542,391.5783189,0.030873025,0,10.5
138.9014066,391.5814057,0.030873025,0,10.6
139.0013589,391.5844925,0.030873025,0,10.7
139.1013113,391.5875793,0.030873025,0,10.8
139.2012636,391.5906661,0.030873025,0,10.9
139.301216,391.5937529,0.030873025,0,11
139.4011683,391.5968397,0.030873025,0,11.1
139.5011207,391.5999266,0.030873025,0,11.2
139.601073,391.6030134,0.030873025,0,11.3
139.7010254,391.6061002,0.030873025,0,11.4
139.8009777,391.609187,0.030873025,0,11.5
139.9009301,391.6122738,0.030873025,0,11.6
140.0008824,391.6153606,0.030873025,0,11.7
140.1008348,391.6184474,0.030873025,0,11.8
140.2007871,391.6215342,0.030873025,0,11.9
140.3007394,391.624621,0.030873025,0,12
140.4006918,391.6277079,0.030873025,0,12.1
140.5006441,391.6307947,0.030873025,0,12.2
140.6005965,391.6338815,0.030873025,0,12.3
140.7005488,391.6369683,0.030873025,0,12.4
140.8005012,391.6400551,0.030873025,0,12.5
140.9004535,391.6431419,0.030873025,0,12.6
141.0004059,391.6462287,0.030873025,0,12.7
141.1003582,391.6493155,0.030873025,0,12.8
141.2003106,391.6524024,0.030873025,0,12.9
141.3002629,391.6554892,0.030873025,0,13
141.4002153,391.658576,0.030873025,0,13.1
141.5001676,391.6616628,0.030873025,0,13.2
141.60012,391.6647496,0.030873025,0,13.3
141.7000723,391.6678364,0.030873025,0,13.4
141.8000246,391.6709232,0.030873025,0,13.5
141.899977,391.67401,0.030873025,0,13.6
141.9999293,391.6770969,0.030873025,0,13.7
142.0998817,391.6801837,0.030873025,0,13.8
142.199834,391.6832705,0.030873025,0,13.9
142.2997864,391.6863573,0.030873025,0,14
142.3997387,391.6894441,0.030873025,0,14.1
142.4996911,391.6925309,0.030873025,0,14.2
142.5996434,391.6956177,0.030873025,0,14.3
142.6995958,391.6987045,0.030873025,0,14.4
142.7995481,391.7017913,0.030873025,0,14.5
142.8995005,391.7048782,0.030873025,0,14.6
142.9994528,391.707965,0.030873025,0,14.7
143.0994052,391.7110518,0.030873025,0,14.8
143.1993575,391.7141386,0.030873025,0,14.9
143.2993098,391.7172254,0.030873025,0,15
143.3992622,391.7203122,0.030873025,0,15.1
143.4992145,391.723399,0.030873025,0,15.2
143.5991669,391.7264858,0.030873025,0,15.3
143.6991192,391.7295727,0.030873025,0,15.4
143.7990716,391.7326595,0.030873025,0,15.5
143.8990239,391.7357463,0.030873025,0,15.6
143.9989763,391.7388331,0.030873025,0,15.7
144.0989286,391.7419199,0.030873025,0,15.8
144.198881,391.7450067,0.030873025,0,15.9
144.2988333,391.7480935,0.030873025,0,16
144.3987857,391.7511803,0.030873025,0,16.1
144.498738,391.7542672,0.030873025,0,16.2
144.5986903,391.757354,0.030873025,0,16.3
144.6986427,391.7604408,0.030873025,0,16.4
144.798595,391.7635276,0.030873025,0,16.5
144.8985474,391.7666144,0.030873025,0,16.6
144.9984997,391.7697012,0.030873025,0,16.7
145.0984521,391.772788,0.030873025,0,16.8
145.1984044,391.7758748,0.030873025,0,16.9
145.2983568,391.7789616,0.030873025,0,17
145.3983091,391.7820485,0.030873025,0,17.1
145.4982615,391.7851353,0.030873025,0,17.2
145.5982138,391.7882221,0.030873025,0,17.3
145.6981662,391.7913089,0.030873025,0,17.4
145.7981185,391.7943957,0.030873025,0,17.5
145.8980709,391.7974825,0.030873025,0,17.6
145.9980232,391.8005693,0.030873025,0,17.7
146.0979755,391.8036561,0.030873025,0,17.8
146.1979279,391.806743,0.030873025,0,17.9
146.2978802,391.8098298,0.030873025,0,18
146.3978326,391.8129166,0.030873025,0,18.1
146.4977849,391.8160034,0.030873025,0,18.2
146.5977373,391.8190902,0.030873025,0,18.3
146.6976896,391.822177,0.030873025,0,18.4
146.797642,391.8252638,0.030873025,0,18.5
146.8975943,391.8283506,0.030873025,0,18.6
146.9975467,391.8314375,0.030873025,0,18.7
147.097499,391.8345243,0.030873025,0,18.8
147.1974514,391.8376111,0.030873025,0,18.9
147.2974037,391.8406979,0.030873025,0,19
147.3973561,391.8437847,0.030873025,0,19.1
147.4973084,391.8468715,0.030873025,0,19.2
147.5972607,391.8499583,0.030873025,0,19.3
147.6972131,391.8530451,0.030873025,0,19.4
147.7971654,391.856132,0.030873025,0,19.5
147.8971178,391.8592188,0.030873025,0,19.6
147.9970701,391.8623056,0.030873025,0,19.7
148.0970225,391.8653924,0.030873025,0,19.8
148.1969748,391.8684792,0.030873025,0,19.9
148.2969272,391.871566,0.030873025,0,20
148.3968795,391.8746528,0.030873025,0,20.1
148.4968319,391.8777396,0.030873025,0,20.2
148.5967842,391.8808264,0.030873025,0,20.3
148.6967366,391.8839133,0.030873025,0,20.4
148.7966889,391.8870001,0.030873025,0,20.5
148.8966413,391.8900869,0.030873025,0,20.6
148.9965936,391.8931737,0.030873025,0,20.7
149.0965459,391.8962605,0.030873025,0,20.8
149.1964983,391.8993473,0.030873025,0,20.9
149.2964506,391.9024341,0.030873025,0,21
149.396403,391.9055209,0.030873025,0,21.1
149.4963553,391.9086078,0.030873025,0,21.2
149.5963077,391.9116946,0.030873025,0,21.3
149.69626,391.9147814,0.030873025,0,21.4
149.7962124,391.9178682,0.030873025,0,21.5
149.8961647,391.920955,0.030873025,0,21.6
149.9961171,391.9240418,0.030873025,0,21.7
150.0960694,391.9271286,0.030873025,0,21.8
150.1960218,391.9302154,0.030873025,0,21.9
