119.65658540000001,314.1869267,302.74701860605984,0.01040850186475134
119.6542274,314.2868989,91.3511596485158,2.9754027088851597e-12
119.65186940000001,314.3868711,91.35115964849876,9.997221910071766e-06
119.64951129999999,314.48684330000003,91.35121692836435,9.997221776018713e-06
119.6471533,314.5868155,91.35115964849953,2.358016601579405e-07
119.6447953,314.6867876,91.35116099954291,9.76142227451437e-06
119.6424372,314.7867598,91.35121692834808,9.99721893465068e-06
119.64007920000002,314.886732,91.35115964849953,2.8413682341493763e-12
119.6377212,314.98670419999996,91.3511596485158,9.997216093282446e-06
119.6353631,315.0866764,91.35121692834808,9.997216227308391e-06
119.63300509999999,315.1866486,91.35115964851504,1.4206841170722587e-12
119.63064709999999,315.28662080000004,91.35115964850691,9.997217782035503e-06
119.628289,315.386593,91.35121692834885,9.997219068693672e-06
119.62593100000001,315.4865652,91.35115964849953,2.7073337594087474e-12
119.623573,315.5865374,91.35115964851504,1.4206841170722587e-12
119.62121499999999,315.6865096,91.35115964850691,9.997216361351486e-06
119.61885690000001,315.7864818,91.3512169283407,9.997216361351486e-06
119.61649890000001,315.886454,91.35115964850691,1.5547185918116752e-12
119.6141409,315.9864262,91.3511596485158,9.997216227325437e-06
119.6117828,316.08639839999995,91.35121692834885,9.997216495404438e-06
119.60942479999999,316.18637060000003,91.35115964851428,4.128017876475207e-12
119.60706680000001,316.28634280000006,91.35115964849062,9.99722217815785e-06
119.6047087,316.38631499999997,91.35121692835774,9.99721933676251e-06
119.6023507,316.4862872,91.35115964850691,2.3579881875793843e-07
119.59999270000002,316.58625930000005,91.351160999534,9.761426804669359e-06
119.59763459999999,316.6862315,91.35121692836512,9.997219068693471e-06
119.59527659999998,316.7862037,91.3511596485158,4.262079456274589e-12
119.5929186,316.88617589999996,91.35115964849139,9.99722164197582e-06
119.5905605,316.98614810000004,91.35121692835544,9.997218800607585e-06
119.5882025,317.0861203,91.35115964850766,1.420684117074695e-12
119.58584450000001,317.1860925,91.35115964849953,2.7073337594087474e-12
119.58348649999999,317.2860647,91.35115964851504,9.997216227308391e-06
119.5811284,317.3860369,91.35121692834808,9.99721893465068e-06
119.57877040000001,317.4860091,91.35115964849953,1.2866496423352772e-12
119.57641240000001,317.5859813,91.35115964850691,9.997219068676525e-06
119.5740543,317.68595350000004,91.35121692835621,9.997218800624631e-06
119.5716963,317.78592569999995,91.35115964850844,2.680689494766411e-13
119.5693383,317.8858979,91.35115964850691,9.997216093265502e-06
119.56698020000002,317.98587010000006,91.35121692833916,9.997214404502381e-06
119.5646222,318.08584229999997,91.35115964851659,1.6887530665513202e-12
119.5622642,318.1858145,91.35115964850691,9.997219068676525e-06
119.55990609999999,318.2857867,91.35121692835621,9.761423695200518e-06
119.55754809999999,318.3857588,91.35116099954291,2.358002394445867e-07
119.55519009999999,318.485731,91.35115964850766,9.997216227325539e-06
119.55283200000001,318.58570319999995,91.3512169283407,9.997214940667369e-06
119.550474,318.6856754,91.35115964851504,1.4206841170722587e-12
119.548116,318.7856476,91.35115964850691,1.420684117072273e-12
119.545758,318.88561980000003,91.35115964849876,9.997219202719621e-06
119.54339990000001,318.985592,91.35121692834885,9.997216361351386e-06
119.5410419,319.0855642,91.35115964851504,2.573299284672735e-12
119.53868390000001,319.18553639999993,91.3511596485003,9.997221507949774e-06
119.53632579999999,319.2855086,91.35121692836358,9.99722319671289e-06
119.53396780000001,319.38548080000004,91.35115964849062,4.3961139310091616e-12
119.5316098,319.485453,91.3511596485158,9.997216227325437e-06
119.5292517,319.5854252,91.35121692834885,9.997216361351386e-06
119.52689369999999,319.6853974,91.35115964851504,2.8413682341445316e-12
119.5245357,319.7853696,91.35115964849876,9.997222044114758e-06
119.52217759999998,319.8853418,91.35121692836512,9.99722346482598e-06
119.5198196,319.985314,91.35115964849062,4.3961139310091616e-12
119.51746159999999,320.0852862,91.3511596485158,9.997216227325437e-06
119.5151035,320.18525839999995,91.35121692834885,9.76142396326996e-06
119.51274550000001,320.2852305,91.351160999534,2.3579726403721498e-07
119.5103875,320.3852027,91.3511596485158,9.997216093282446e-06
119.5080294,320.4851749,91.35121692834808,9.997219068676627e-06
119.50567140000001,320.58514710000003,91.35115964849876,1.5547185918116911e-12
119.50331340000001,320.6851193,91.35115964850766,1.286649642335264e-12
119.5009554,320.7850915,91.35115964851504,9.997216361351386e-06
119.4985973,320.8850637,91.35121692834885,9.997217648009554e-06
119.4962393,320.98503589999996,91.35115964850766,1.6887530665484586e-12
119.49388130000001,321.08500810000004,91.351159648498,9.99722075745669e-06
119.4915232,321.1849803,91.35121692835698,9.99721906869357e-06
119.4891652,321.2849525,91.35115964850766,1.286649642335264e-12
119.48680719999999,321.3849247,91.35115964851504,9.997216361351386e-06
119.48444909999999,321.48489689999997,91.35121692834885,9.997217782035503e-06
119.48209109999999,321.5848691,91.35115964850691,1.420684117072273e-12
119.4797331,321.6848413,91.35115964849876,9.997220623403636e-06
119.477375,321.7848135,91.35121692835698,9.99721920271952e-06
119.475017,321.8847857,91.35115964850691,1.2866496423352772e-12
119.47265900000001,321.9847579,91.35115964849953,1.0233034291495049e-05
119.47030090000001,322.08473,91.35121827944131,1.0233031584121396e-05
119.4679429,322.1847022,91.35115964851504,2.7073337594087474e-12
119.46558490000001,322.2846744,91.35115964849953,1.2866496423352772e-12
119.46322690000001,322.3846466,91.35115964850691,9.99721764799251e-06
119.46086880000001,322.4846188,91.35121692834808,9.997216093282446e-06
119.4585108,322.584591,91.3511596485158,1.420684117074681e-12
119.4561528,322.68456319999996,91.35115964850766,9.997218934650578e-06
119.45379469999999,322.7845354,91.35121692835621,9.997220623413697e-06
119.4514367,322.88450760000006,91.351159648498,1.8228146463386076e-12
119.4490787,322.9844798,91.35115964850844,9.997217379940614e-06
119.4467206,323.084452,91.35121692834808,9.997216227308391e-06
119.44436259999999,323.1844242,91.35115964851504,1.286649642335264e-12
119.44200459999999,323.2843964,91.35115964850766,9.997216093282544e-06
119.43964650000001,323.3843686,91.35121692833994,9.997214806624375e-06
119.4372885,323.48434080000004,91.35115964851504,1.286649642335264e-12
119.4349305,323.584313,91.35115964850766,9.997216227325539e-06
119.43257240000001,323.6842852,91.3512169283407,9.997216227325539e-06
119.43021440000001,323.78425739999994,91.35115964850766,1.152615167596076e-12
119.4278564,323.8842296,91.35115964851428,2.357963794896716e-07
119.42549840000002,323.98420169999997,91.3511609995274,9.761427957302905e-06
119.4231403,324.08417389999994,91.35121692836512,9.997219336772472e-06
119.42078229999998,324.1841461,91.35115964851428,2.7073337594041316e-12
119.4184243,324.28411830000005,91.35115964849876,9.997219336789719e-06
119.4160662,324.38409049999996,91.3512169283496,9.997216495394377e-06
119.41370819999999,324.4840627,91.35115964851504,4.262079456267321e-12
119.41135020000002,324.5840349,91.35115964849062,9.997223330782986e-06
119.40899209999999,324.68400710000003,91.35121692836435,9.997221776018713e-06
119.4066341,324.7839793,91.35115964849953,2.7073337594087474e-12
119.40427609999999,324.8839515,91.35115964851504,9.997216361351386e-06
119.401918,324.9839237,91.35121692834885,9.997219068693672e-06
119.39956000000001,325.08389589999996,91.35115964849953,1.1526151675960877e-12
119.39720200000001,325.18386810000004,91.35115964850614,9.99721933677257e-06
119.3948439,325.2838403,91.35121692835698,9.997220489377688e-06
119.39248590000001,325.3838125,91.35115964849953,1.2866496423352772e-12
119.39012790000001,325.4837847,91.35115964850691,1.3403447473820624e-13
119.38776990000001,325.58375689999997,91.35115964850766,9.997218934650578e-06
119.3854118,325.6837291,91.35121692835621,9.761423695200518e-06
119.3830538,325.7837012,91.35116099954291,2.3579881875833802e-07
119.38069579999998,325.88367339999996,91.3511596485158,9.997214538555435e-06
119.3783377,325.98364560000005,91.35121692833916,9.997215959239553e-06
119.3759797,326.0836178,91.35115964850766,0.0
119.3736217,326.18359,91.35115964850766,9.997218934650578e-06
119.37126359999999,326.2835622,91.35121692835621,9.997218934650578e-06
119.36890559999999,326.3835344,91.35115964850766,1.5547185918116911e-12
119.3665476,326.4835066,91.35115964849876,9.997220489360644e-06
119.3641895,326.5834788,91.35121692835621,9.997218934650578e-06
119.3618315,326.683451,91.35115964850766,1.420684117074695e-12
119.35947350000001,326.78342319999996,91.35115964849953,9.99721893465068e-06
119.35711540000001,326.8833954,91.35121692834808,9.997216361361447e-06
119.3547574,326.98336760000007,91.35115964851428,1.018580692858853e-12
119.3523994,327.0833398,91.35115964850844,1.688780171601841e-12
119.35004140000001,327.183312,91.35115964849876,9.997222044114758e-06
119.34768329999999,327.28328419999997,91.35121692836512,9.997222044114758e-06
119.3453253,327.3832564,91.35115964849876,1.420684117072273e-12
119.3429673,327.4832286,91.35115964850691,1.0233034559537185e-05
119.34060919999999,327.58320069999996,91.35121827945022,1.0233037400936786e-05
119.33825120000002,327.6831729,91.35115964849062,4.262079456267321e-12
119.3358932,327.7831451,91.35115964851504,9.997216361351386e-06
119.3335351,327.8831173,91.35121692834885,9.997216361351386e-06
119.33117709999999,327.9830895,91.35115964851504,1.4206841170722587e-12
119.32881909999999,328.08306170000003,91.35115964850691,9.997216495394477e-06
119.32646100000001,328.18303389999994,91.35121692834146,9.997216629420425e-06
119.32410300000001,328.2830061,91.35115964850614,1.5547185918090246e-12
119.32174499999999,328.38297830000005,91.35115964851504,9.997216361351386e-06
119.3193869,328.4829505,91.35121692834885,9.997219068693672e-06
119.31702890000001,328.5829227,91.35115964849953,1.420684117074695e-12
119.31467090000001,328.68289489999995,91.35115964850766,1.152615167596076e-12
119.3123129,328.78286710000003,91.35115964851428,9.997216495404438e-06
119.3099548,328.8828393,91.35121692834885,9.997216361351386e-06
119.30759679999998,328.9828115,91.35115964851504,2.7073337594087474e-12
119.3052388,329.0827837,91.35115964849953,9.997219068693672e-06
119.3028807,329.18275589999996,91.35121692834885,9.997217916088555e-06
119.3005227,329.28272810000004,91.35115964850614,1.1526151675960877e-12
119.29816470000002,329.3827003,91.35115964849953,1.0233037132867341e-05
119.29580659999999,329.4826724,91.3512182794576,1.0233037266920395e-05
119.2934486,329.58264460000004,91.35115964849876,2.9754027088851597e-12
119.29109059999999,329.6826168,91.3511596485158,9.997216093282446e-06
119.2887325,329.78258900000003,91.35121692834808,9.99721893465068e-06
119.28637450000001,329.8825612,91.35115964849953,1.420684117074695e-12
119.2840165,329.98253339999997,91.35115964850766,9.997218800607585e-06
119.2816584,330.08250560000005,91.35121692835544,9.997218800607585e-06
119.2793004,330.1824778,91.35115964850766,1.420684117074695e-12
119.27694240000001,330.28245,91.35115964849953,9.997221776018713e-06
119.27458429999999,330.3824222,91.35121692836435,9.997221776018713e-06
119.2722263,330.4823944,91.35115964849953,1.2866496423352772e-12
119.2698683,330.5823666,91.35115964850691,1.4206841170722587e-12
119.26751029999998,330.6823388,91.35115964851504,9.997213519983352e-06
119.26515220000002,330.782311,91.35121692833256,9.997213519983352e-06
119.2627942,330.8822832,91.35115964851504,1.152615167598041e-12
119.2604362,330.98225539999993,91.35115964850844,9.99721866658164e-06
119.25807809999999,331.0822276,91.35121692835544,9.997218934633536e-06
119.25572009999999,331.18219980000003,91.35115964850691,2.3579908682769185e-07
119.2533621,331.2821719,91.35116099953554,9.761423561174267e-06
119.25100400000001,331.3821441,91.35121692834808,9.997216227308391e-06
119.248646,331.48211630000003,91.35115964851504,1.286649642335264e-12
119.24628799999999,331.5820885,91.35115964850766,9.997216227325539e-06
119.24392990000001,331.68206069999997,91.3512169283407,9.997216361351486e-06
119.24157190000001,331.7820329,91.35115964850691,1.2866496423330707e-12
119.2392139,331.8820051000001,91.35115964851428,9.99721662944743e-06
119.2368558,331.9819773,91.3512169283496,9.997216495394377e-06
119.23449779999999,332.0819495,91.35115964851504,2.7073337594087474e-12
119.2321398,332.1819217,91.35115964849953,1.2866496423352772e-12
119.2297818,332.2818939,91.35115964850691,9.99721764799251e-06
119.2274237,332.3818661,91.35121692834808,9.99721893465068e-06
119.22506570000002,332.4818383,91.35115964849953,2.7073337594087474e-12
119.2227077,332.5818105,91.35115964851504,9.997216361351386e-06
119.2203496,332.6817827,91.35121692834885,9.997216227325437e-06
119.21799159999999,332.78175489999995,91.3511596485158,1.6887530665484412e-12
119.21563359999999,332.88172710000003,91.35115964850614,9.997217916088555e-06
119.2132755,332.9816993,91.35121692834885,9.997219068693672e-06
119.21091750000001,333.08167149999997,91.35115964849953,2.3580294678220502e-07
119.20855949999999,333.18164360000003,91.35116099955029,9.761420987854474e-06
119.2062014,333.28161580000005,91.35121692834808,9.997218800624733e-06
119.20384340000001,333.38158799999997,91.3511596485003,1.1526151675980529e-12
119.20148540000001,333.4815602,91.35115964850691,9.99721920271952e-06
119.1991273,333.58153239999996,91.35121692835698,9.99721920271952e-06
119.1967693,333.6815046,91.35115964850691,1.4206841170722587e-12
119.19441129999998,333.7814768,91.35115964851504,4.262079456267321e-12
119.19205330000001,333.88144900000003,91.35115964849062,9.997222044114858e-06
119.1896952,333.9814212,91.35121692835698,9.99721906869357e-06
119.1873372,334.08139339999997,91.35115964850766,1.6887530665484586e-12
119.18497920000001,334.18136560000005,91.351159648498,9.997222178140705e-06
119.18262109999999,334.2813378,91.35121692836512,9.997221910061704e-06
119.1802631,334.38131,91.35115964849953,1.420684117074695e-12
119.1779051,334.48128219999995,91.35115964850766,9.997218934650578e-06
119.175547,334.5812544,91.35121692835621,9.997219068676525e-06
119.173189,334.6812266,91.35115964850691,1.2866496423352772e-12
119.170831,334.78119879999997,91.35115964849953,9.99721893465068e-06
119.16847290000001,334.881171,91.35121692834808,9.761420987854474e-06
119.1661149,334.98114310000005,91.35116099955029,2.3580281274773024e-07
119.16375690000001,335.08111529999996,91.3511596485003,9.997221641992765e-06
119.16139879999999,335.1810875,91.35121692836435,9.997221910071766e-06
119.1590408,335.2810597,91.35115964849876,1.5547185918116911e-12
119.1566828,335.3810319,91.35115964850766,1.286649642335264e-12
119.15432479999998,335.4810041,91.35115964851504,9.99721338594036e-06
119.15196670000002,335.58097630000003,91.3512169283318,9.997213251887307e-06
119.1496087,335.6809485,91.3511596485158,1.420684117074681e-12
119.1472507,335.78092069999997,91.35115964850766,9.99721906869357e-06
119.14489259999999,335.88089289999994,91.35121692835698,9.99721933677257e-06
119.14253459999999,335.9808651,91.35115964850614,1.3403447473797776e-13
119.14017659999999,336.08083730000004,91.35115964850691,9.997216361351486e-06
119.13781850000001,336.1808095,91.3512169283407,9.99721480664142e-06
119.1354605,336.2807817,91.3511596485158,1.5547185918116752e-12
119.13310249999999,336.3807539,91.35115964850691,9.997216227308493e-06
119.13074440000001,336.4807261,91.35121692833994,9.997216093282544e-06
119.12838640000001,336.5806983,91.35115964850766,1.286649642335264e-12
119.1260284,336.6806705,91.35115964851504,9.997216361351386e-06
119.1236703,336.7806427,91.35121692834885,9.761420987871114e-06
119.12131229999999,336.8806148,91.35116099955104,2.3580463556491027e-07
119.11895430000001,336.980587,91.35115964849062,4.3961139310091616e-12
119.1165963,337.0805592,91.3511596485158,9.997216227325437e-06
119.1142382,337.18053139999995,91.35121692834885,9.997219336772672e-06
119.11188020000002,337.28050360000003,91.351159648498,3.1094371836207157e-12
119.1095222,337.3804758,91.3511596485158,9.99721893465048e-06
119.10716409999998,337.480448,91.35121692836435,9.997223196729935e-06
119.1048061,337.5804202,91.35115964849139,4.262079456274589e-12
119.10244809999999,337.68039239999996,91.3511596485158,9.997215959239452e-06
119.10009,337.78036460000004,91.3512169283473,9.997218800607687e-06
119.09773200000001,337.8803368,91.35115964849953,2.8413682341493763e-12
119.09537399999999,337.980309,91.3511596485158,9.997216093282446e-06
119.0930159,338.0802812,91.35121692834808,9.997219068676627e-06
119.09065790000001,338.1802534,91.35115964849876,1.5547185918116911e-12
119.08829990000001,338.2802256,91.35115964850766,9.997218934650578e-06
119.0859418,338.3801978,91.35121692835621,9.997219068676525e-06
119.0835838,338.48017000000004,91.35115964850691,1.6887530665513202e-12
119.08122579999998,338.58014219999995,91.35115964851659,2.3579570928938876e-07
119.07886780000001,338.6801143,91.35116099952586,9.761426670626465e-06
119.0765097,338.78008650000004,91.35121692835621,9.997218934650578e-06
119.0741517,338.8800587,91.35115964850766,1.420684117074681e-12
119.07179369999999,338.9800309,91.3511596485158,9.997215959239452e-06
119.06943559999999,339.08000310000006,91.3512169283473,9.99721737992357e-06
119.06707759999999,339.1799753,91.35115964850766,1.420684117074695e-12
119.0647196,339.2799475,91.35115964849953,9.997220489377688e-06
119.0623615,339.37991969999996,91.35121692835698,9.99721920271952e-06
119.0600035,339.4798919,91.35115964850691,1.420684117072273e-12
119.0576455,339.5798641,91.35115964849876,9.997219202719621e-06
119.05528740000001,339.6798363,91.35121692834885,9.997216361351386e-06
119.0529294,339.7798085,91.35115964851504,2.8413682341445316e-12
119.05057140000001,339.8797807,91.35115964849876,9.997222178184854e-06
119.04821329999999,339.97975289999994,91.35121692836589,9.997223732894916e-06
119.04585530000001,340.0797251,91.35115964848985,4.396113931001667e-12
119.0434973,340.17969730000004,91.35115964851504,9.997216361351386e-06
119.0411392,340.2796695,91.35121692834885,9.997216227325437e-06
119.03878119999999,340.3796417,91.3511596485158,2.9754027088851597e-12
119.0364232,340.4796139,91.35115964849876,2.3580179419241524e-07
119.0340652,340.579586,91.35116099954291,9.761422408557361e-06
119.0317071,340.6795582,91.35121692834885,9.997216227325437e-06
119.02934909999999,340.77953039999994,91.3511596485158,1.6887530665484412e-12
119.02699109999999,340.8795026,91.35115964850614,9.997216495377434e-06
119.02463300000001,340.9794748,91.3512169283407,9.997214940667369e-06
119.022275,341.079447,91.35115964851504,1.286649642335264e-12
119.01991699999999,341.1794192,91.35115964850766,9.997216093282544e-06
119.01755890000001,341.2793914,91.35121692833994,9.997216227308493e-06
119.01520090000001,341.37936360000003,91.35115964850691,1.5547185918116752e-12
119.0128429,341.4793358,91.3511596485158,9.997216093282446e-06
119.0104848,341.579308,91.35121692834808,9.997217513966563e-06
119.0081268,341.6792802,91.35115964850766,1.420684117074695e-12
119.00576880000001,341.77925239999996,91.35115964849953,9.997220221291704e-06
119.0034107,341.87922460000004,91.35121692835544,9.997218800607585e-06
119.0010527,341.9791968,91.35115964850766,1.420684117074681e-12
118.99869469999999,342.079169,91.3511596485158,4.3961139310091616e-12
118.99633670000001,342.1791412,91.35115964849062,9.99722346482598e-06
118.99397859999999,342.27911339999997,91.35121692836512,9.761426670615904e-06
118.9916206,342.3790855,91.35116099953477,2.3579753210656643e-07
118.98926259999999,342.4790577,91.35115964851504,9.997216361351386e-06
118.9869045,342.57902989999997,91.35121692834885,9.997219202719621e-06
118.98454650000001,342.6790021,91.35115964849876,1.420684117072273e-12
118.9821885,342.7789743,91.35115964850691,9.99721920271952e-06
118.9798304,342.8789465,91.35121692835698,9.997220623403636e-06
118.97747240000001,342.9789187,91.35115964849876,1.5547185918116911e-12
118.97511440000001,343.0788909,91.35115964850766,9.997217513966563e-06
118.97275630000001,343.1788631,91.35121692834808,9.997216227308391e-06
118.9703983,343.2788353,91.35115964851504,1.286649642335264e-12
118.9680403,343.3788075,91.35115964850766,9.99721906869357e-06
118.96568219999999,343.47877969999996,91.35121692835698,9.997220623403636e-06
118.9633242,343.5787519,91.35115964849876,1.420684117072273e-12
118.9609662,343.6787241,91.35115964850691,1.3403447473820624e-13
118.9586082,343.7786963,91.35115964850766,9.997218934650578e-06
118.95625009999999,343.8786685,91.35121692835621,9.997218934650578e-06
118.95389209999999,343.97864069999997,91.35115964850766,1.5547185918116911e-12
118.9515341,344.0786129,91.35115964849876,1.0233035846207144e-05
118.949176,344.178585,91.35121827944945,1.0233034291467843e-05
118.946818,344.27855719999997,91.35115964850766,1.5547185918116911e-12
118.94446,344.3785294,91.35115964849876,9.997219068676627e-06
118.94210190000001,344.4785016,91.35121692834808,9.997216093282446e-06
118.9397439,344.5784738,91.3511596485158,4.3961139310091616e-12
118.93738590000002,344.678446,91.35115964849062,9.99722346482598e-06
118.9350278,344.7784182,91.35121692836512,9.997219068693471e-06
118.93266979999999,344.87839039999994,91.3511596485158,3.1094371836207157e-12
118.9303118,344.9783626,91.351159648498,9.997219202729684e-06
118.9279537,345.07833480000005,91.35121692834808,9.997215959256497e-06
118.92559569999999,345.17830699999996,91.35115964851659,4.53014840575123e-12
118.92323770000002,345.2782792,91.35115964849062,4.262079456267321e-12
118.9208797,345.3782514,91.35115964851504,9.997216361351386e-06
118.9185216,345.4782236,91.35121692834885,9.997216361351386e-06
118.91616359999999,345.5781958,91.35115964851504,1.4206841170722587e-12
118.91380559999999,345.678168,91.35115964850691,9.997216361351486e-06
118.91144750000001,345.7781402,91.3512169283407,9.997216227325539e-06
118.90908950000001,345.87811239999996,91.35115964850766,1.152615167596076e-12
118.90673149999999,345.97808460000005,91.35115964851428,1.023303043150459e-05
118.90437340000001,346.0780567,91.35121827943394,1.0233031718164892e-05
118.90201540000001,346.1780289,91.35115964850691,1.4206841170722587e-12
118.8996574,346.27800110000004,91.35115964851504,9.997216361351386e-06
118.8972993,346.3779733,91.35121692834885,9.997217782035503e-06
118.8949413,346.47794550000003,91.35115964850691,1.6887530665513202e-12
118.89258329999998,346.57791769999994,91.35115964851659,9.997214538545375e-06
118.8902252,346.67788989999997,91.35121692833994,9.997216361334442e-06
118.8878672,346.77786210000005,91.35115964850614,2.6806894947618403e-13
118.8855092,346.8778343,91.35115964850766,1.420684117074695e-12
118.88315120000001,346.9778065,91.35115964849953,9.997221776018713e-06
118.88079309999999,347.0777787,91.35121692836435,9.997221776018713e-06
118.8784351,347.1777509,91.35115964849953,2.7073337594087474e-12
118.87607709999999,347.2777231,91.35115964851504,9.997216227308391e-06
118.873719,347.3776953,91.35121692834808,9.99721893465068e-06
118.87136100000001,347.4776675,91.35115964849953,1.420684117074695e-12
118.869003,347.57763969999996,91.35115964850766,9.997218934650578e-06
118.8666449,347.6776119,91.35121692835621,9.997219068676525e-06
118.8642869,347.7775841,91.35115964850691,2.3579895279281513e-07
118.86192890000001,347.8775562,91.35116099953477,9.761426670615904e-06
118.85957079999999,347.9775284,91.35121692836512,9.997222044114758e-06
118.8572128,348.0775006,91.35115964849876,1.420684117072273e-12
118.8548548,348.17747280000003,91.35115964850691,9.99721920271952e-06
118.85249669999999,348.277445,91.35121692835698,9.997221910088911e-06
118.85013870000002,348.37741719999997,91.35115964849139,4.128044981532748e-12
118.8477807,348.4773894,91.35115964851504,1.4206841170722587e-12
118.8454227,348.5773616,91.35115964850691,9.99721920271952e-06
118.84306459999999,348.6773338,91.35121692835698,9.99721920271952e-06
118.84070659999999,348.777306,91.35115964850691,1.2866496423352772e-12
118.8383486,348.8772782,91.35115964849953,9.997219068693672e-06
118.83599050000001,348.97725039999995,91.35121692834885,9.997216495404438e-06
118.8336325,349.0772226,91.35115964851428,2.7073337594041316e-12
118.8312745,349.17719480000005,91.35115964849876,9.997219202719621e-06
118.82891640000001,349.277167,91.35121692834885,9.997216227325437e-06
118.8265584,349.3771392,91.3511596485158,1.420684117074681e-12
118.8242004,349.47711139999996,91.35115964850766,9.99721737992357e-06
118.8218423,349.57708360000004,91.3512169283473,9.997215959239452e-06
118.81948429999998,349.6770558,91.3511596485158,2.3579753210696835e-07
118.8171263,349.77702789999995,91.35116099953554,9.761423427131276e-06
118.8147682,349.87700010000003,91.3512169283473,9.99721737992357e-06
118.8124102,349.9769723,91.35115964850766,1.420684117074695e-12
118.81005220000002,350.07694449999997,91.35115964849953,9.997221776018713e-06
118.80769409999999,350.1769167,91.35121692836435,9.997221910071766e-06
118.8053361,350.2768889,91.35115964849876,2.9754027088851597e-12
118.80297809999999,350.3768611,91.3511596485158,1.5547185918116752e-12
118.80062009999999,350.4768333,91.35115964850691,9.997216227308493e-06
118.79826200000001,350.57680550000003,91.35121692833994,9.997216093282544e-06
118.79590400000001,350.6767777,91.35115964850766,1.420684117074681e-12
118.79354599999999,350.77674989999997,91.3511596485158,9.997215959239452e-06
118.7911879,350.87672210000005,91.3512169283473,9.997218800607687e-06
118.78882990000001,350.9766943,91.35115964849953,1.420684117074695e-12
118.78647190000001,351.0766665,91.35115964850766,9.997218934650578e-06
118.7841138,351.1766387,91.35121692835621,9.997218934650578e-06
118.7817558,351.2766109,91.35115964850766,1.286649642335264e-12
118.77939779999998,351.3765831,91.35115964851504,9.99721338594036e-06
118.77703970000002,351.47655530000003,91.3512169283318,9.761417878402373e-06
118.7746817,351.5765274,91.35116099955182,2.3580192820018452e-07
118.7723237,351.6764996,91.35115964850691,9.997219068676525e-06
118.76996559999999,351.7764718,91.35121692835621,9.997218934650578e-06
118.76760759999999,351.876444,91.35115964850766,1.5547185918116911e-12
118.7652496,351.9764162,91.35115964849876,1.5547185918116911e-12
118.7628916,352.0763884,91.35115964850766,9.997218934650578e-06
118.7605335,352.1763606,91.35121692835621,9.997219068676525e-06
118.7581755,352.27633280000003,91.35115964850691,1.2866496423352772e-12
118.7558175,352.376305,91.35115964849953,9.997220489377688e-06
118.7534594,352.47627719999997,91.35121692835698,9.99721920271952e-06
118.7511014,352.5762494,91.35115964850691,1.420684117072273e-12
118.74874340000001,352.6762216,91.35115964849876,9.997222044114758e-06
118.74638529999999,352.7761938,91.35121692836512,9.997222044114758e-06
118.7440273,352.876166,91.35115964849876,1.5547185918116911e-12
118.7416693,352.9761382,91.35115964850766,9.997217513966563e-06
118.7393112,353.0761104,91.35121692834808,9.997219068676627e-06
118.73695320000002,353.17608260000003,91.35115964849876,2.9754027088851597e-12
118.7345952,353.2760548,91.3511596485158,9.997216093282446e-06
118.7322371,353.376027,91.35121692834808,9.761420853828122e-06
118.72987909999999,353.4759991,91.35116099955104,2.3580166013083305e-07
118.72752109999999,353.5759713,91.35115964850766,1.5547185918116911e-12
118.7251631,353.6759435,91.35115964849876,9.997219202719621e-06
118.72280500000001,353.7759157,91.35121692834885,9.997216227325437e-06
118.720447,353.87588789999995,91.3511596485158,1.6887530665484412e-12
118.71808899999999,353.97586010000003,91.35115964850614,9.997216361334442e-06
118.71573090000001,354.07583230000006,91.35121692833994,9.997215959229492e-06
118.71337290000001,354.17580449999997,91.35115964850844,1.152615167598041e-12
118.7110149,354.2757767,91.35115964851504,9.997216361351386e-06
118.7086568,354.37574889999996,91.35121692834885,9.997216361351386e-06
118.70629879999998,354.4757211,91.35115964851504,4.262079456267321e-12
118.70394080000001,354.5756933,91.35115964849062,9.997222044114858e-06
118.7015827,354.6756655,91.35121692835698,9.99721920271952e-06
118.6992247,354.7756377,91.35115964850691,1.2866496423352772e-12
118.69686670000002,354.8756099,91.35115964849953,9.997221641975719e-06
118.69450859999999,354.97558210000005,91.35121692836358,9.997221641975719e-06
118.6921506,355.0755543,91.35115964849953,1.420684117074695e-12
118.6897926,355.1755265,91.35115964850766,2.3580166013083305e-07
118.68743459999999,355.2754986,91.35116099955104,9.761420853828122e-06
118.6850765,355.3754708,91.35121692834808,9.997219068676627e-06
118.68271850000001,355.47544300000004,91.35115964849876,3.1094642886765206e-12
118.68036049999999,355.57541519999995,91.35115964851659,9.997215959256497e-06
118.6780024,355.6753874,91.35121692834808,9.997219202729684e-06
118.67564440000001,355.77535960000006,91.351159648498,1.8228146463386076e-12
118.67328640000001,355.87533179999997,91.35115964850844,9.997218800624631e-06
118.6709283,355.975304,91.35121692835621,9.997219068676525e-06
118.6685703,356.0752762,91.35115964850691,1.5547185918116752e-12
118.66621229999998,356.1752484,91.3511596485158,9.997213251887307e-06
118.66385420000002,356.2752206,91.3512169283318,9.99721338594036e-06
118.6614962,356.37519280000004,91.35115964851504,1.286649642335264e-12
118.6591382,356.475165,91.35115964850766,9.99721906869357e-06
118.65678009999999,356.5751372,91.35121692835698,9.99721906869357e-06
118.65442209999999,356.67510939999994,91.35115964850766,2.6806894947618403e-13
118.65206409999999,356.7750816,91.35115964850614,1.1526151675960877e-12
118.6497061,356.8750538,91.35115964849953,9.997220489377688e-06
118.647348,356.97502599999996,91.35121692835698,9.76142396326986e-06
118.64498999999999,357.0749981,91.35116099954215,2.3580166013043343e-07
118.642632,357.17497030000004,91.35115964849876,9.997219202719621e-06
118.64027390000001,357.2749425,91.35121692834885,9.997216227325437e-06
118.6379159,357.3749147,91.3511596485158,2.9754027088851597e-12
118.63555790000001,357.4748869,91.35115964849876,9.997221910071766e-06
118.63319979999999,357.5748591,91.35121692836435,9.997223196729935e-06
118.63084180000001,357.6748313,91.35115964849139,4.128044981532748e-12
118.6284838,357.7748035,91.35115964851504,9.997216361351386e-06
118.6261257,357.8747757,91.35121692834885,9.997219068693672e-06
118.62376770000002,357.97474789999995,91.35115964849953,2.5732992846683474e-12
118.6214097,358.07472010000004,91.35115964851428,9.997219336772472e-06
118.61905159999998,358.1746923,91.35121692836512,9.99722346482598e-06
118.6166936,358.27466450000003,91.35115964849062,4.3961139310091616e-12
118.61433559999999,358.3746367,91.3511596485158,1.420684117074681e-12
118.61197759999999,358.47460889999996,91.35115964850766,9.997215959239553e-06
118.60961950000001,358.57458110000005,91.35121692833916,9.997214538555435e-06
118.60726149999999,358.6745533,91.3511596485158,1.420684117074681e-12
118.60490349999999,358.7745255,91.35115964850766,9.997216093282544e-06
118.60254540000001,358.8744977,91.35121692833994,9.761420853828222e-06
118.60018740000001,358.9744698,91.35116099954291,2.3579881875833802e-07
118.5978294,359.074442,91.3511596485158,9.997216093282446e-06
118.5954713,359.1744142,91.35121692834808,9.997216093282446e-06
118.59311329999998,359.27438639999997,91.3511596485158,4.3961139310091616e-12
118.59075530000001,359.3743586,91.35115964849062,9.997221910071867e-06
118.5883972,359.4743308,91.35121692835621,9.997218934650578e-06
118.5860392,359.574303,91.35115964850766,1.286649642335264e-12
118.58368119999999,359.6742752,91.35115964851504,9.997216361351386e-06
118.58132309999999,359.7742474,91.35121692834885,9.997217916088555e-06
118.57896509999999,359.87421960000006,91.35115964850614,1.1526151675960877e-12
118.5766071,359.9741918,91.35115964849953,9.997220489377688e-06
118.574249,360.074164,91.35121692835698,9.99721906869357e-06
118.571891,360.17413619999996,91.35115964850766,1.5547185918116911e-12
118.569533,360.2741084,91.35115964849876,1.420684117072273e-12
118.567175,360.3740806,91.35115964850691,9.99721920271952e-06
118.5648169,360.4740528,91.35121692835698,9.997220623403636e-06
118.56245890000001,360.574025,91.35115964849876,1.420684117072273e-12
118.56010090000001,360.67399720000003,91.35115964850691,1.0233033138851038e-05
118.55774280000001,360.7739693,91.35121827944208,1.023303171816479e-05
118.5553848,360.8739415,91.35115964851504,1.4206841170722587e-12
118.5530268,360.9739137,91.35115964850691,9.99721920271952e-06
118.55066869999999,361.0738859,91.35121692835698,9.997220623403636e-06
118.5483107,361.1738581,91.35115964849876,1.420684117072273e-12
118.5459527,361.27383030000004,91.35115964850691,9.997217782035503e-06
118.5435946,361.3738025,91.35121692834885,9.997216227325437e-06
118.54123659999999,361.4737747,91.3511596485158,1.420684117074681e-12
118.53887859999999,361.57374689999995,91.35115964850766,9.997215959239553e-06
118.53652050000001,361.6737191,91.35121692833916,9.997214538555435e-06
118.5341625,361.7736913,91.3511596485158,1.420684117074681e-12
118.53180449999999,361.87366349999996,91.35115964850766,1.5547185918116911e-12
118.5294465,361.9736357,91.35115964849876,9.997219068676627e-06
118.52708840000001,362.0736079,91.35121692834808,9.997216227308391e-06
118.5247304,362.17358010000004,91.35115964851504,4.128044981532748e-12
118.52237240000002,362.2735523,91.35115964849139,9.997224617441056e-06
118.52001429999999,362.37352450000003,91.3512169283725,9.997224617441056e-06
118.51765630000001,362.4734967,91.35115964849139,4.262079456274589e-12
118.5152983,362.57346889999997,91.3511596485158,1.0233031316052053e-05
118.5129402,362.673441,91.35121827944054,1.0233031316052053e-05
118.51058219999999,362.7734132,91.3511596485158,4.262079456274589e-12
118.50822420000002,362.87338539999996,91.35115964849139,9.997223062659836e-06
118.50586609999999,362.97335760000004,91.35121692836358,9.997221641975719e-06
118.5035081,363.0733298,91.35115964849953,2.8413682341493763e-12
118.50115009999999,363.173302,91.3511596485158,9.997216093282446e-06
118.498792,363.2732742,91.35121692834808,9.99721893465068e-06
118.49643400000001,363.37324639999997,91.35115964849953,1.2866496423352772e-12
118.494076,363.4732186,91.35115964850691,1.4206841170722587e-12
118.49171799999999,363.5731908,91.35115964851504,9.997214940667369e-06
118.48935990000001,363.673163,91.3512169283407,9.997216361351486e-06
118.48700190000001,363.7731352,91.35115964850691,1.5547185918116752e-12
118.4846439,363.8731074,91.3511596485158,9.997216093282446e-06
118.4822858,363.9730796,91.35121692834808,9.99721764799251e-06
118.4799278,364.07305180000003,91.35115964850691,1.5547185918116752e-12
118.47756979999998,364.173024,91.3511596485158,9.99721480664142e-06
118.4752117,364.27299619999997,91.3512169283407,9.997216361351486e-06
118.4728537,364.3729684,91.35115964850691,2.358003734790615e-07
118.4704957,364.4729405,91.35116099954291,9.76142382924351e-06
118.46813759999999,364.57291269999996,91.35121692835698,9.99721920271952e-06
118.46577959999999,364.6728849,91.35115964850691,1.5547185918090405e-12
118.4634216,364.77285710000007,91.351159648498,9.997220891526786e-06
118.4610635,364.8728293,91.35121692835774,9.99721933676251e-06
118.4587055,364.9728015,91.35115964850691,1.2866496423352772e-12
118.4563475,365.07277369999997,91.35115964849953,1.2866496423352772e-12
118.4539895,365.1727459,91.35115964850691,9.997219068676525e-06
118.4516314,365.2727181,91.35121692835621,9.997221776045917e-06
118.44927340000002,365.3726903,91.35115964849139,4.128044981532748e-12
118.44691540000001,365.4726625,91.35115964851504,9.997219202746525e-06
118.44455729999999,365.5726347,91.35121692836512,9.997221910061704e-06
118.4421993,365.67260689999995,91.35115964849953,1.1526151675960877e-12
118.4398413,365.77257910000003,91.35115964850614,9.99721920272958e-06
118.43748319999999,365.87255130000005,91.35121692835621,9.99722164201997e-06
118.43512520000002,365.97252349999997,91.35115964849216,3.994010506797945e-12
118.4327672,366.0724957,91.35115964851504,9.997216361351386e-06
118.4304091,366.17246789999996,91.35121692834885,9.997216361351386e-06
118.42805109999999,366.2724401,91.35115964851504,2.3579895279281272e-07
118.42569309999999,366.3724122,91.35116099954291,9.761420987871213e-06
118.42333500000001,366.47238439999995,91.3512169283407,9.997216495377434e-06
118.42097700000001,366.57235660000003,91.35115964850614,1.6887530665484412e-12
118.41861899999999,366.6723288,91.3511596485158,2.8413682341493763e-12
118.416261,366.77230099999997,91.35115964849953,9.99721893465068e-06
118.41390290000001,366.8722732,91.35121692834808,9.997216093282446e-06
118.4115449,366.97224539999996,91.3511596485158,1.6887530665484412e-12
118.4091869,367.07221760000004,91.35115964850614,9.997217916088555e-06
118.4068288,367.1721898,91.35121692834885,9.997216361351386e-06
118.40447079999998,367.27216200000004,91.35115964851504,2.573299284672735e-12
118.4021128,367.37213419999995,91.3511596485003,9.997218800624733e-06
118.3997547,367.4721064,91.35121692834808,9.997217782045565e-06
118.3973967,367.57207860000005,91.35115964850614,1.018580692858863e-12
118.39503870000001,367.67205079999997,91.3511596485003,9.997221641992765e-06
118.39268059999999,367.772023,91.35121692836435,9.997221910071766e-06
118.3903226,367.8719952,91.35115964849876,2.9754027088851597e-12
118.38796459999999,367.9719674,91.3511596485158,9.997216093282446e-06
118.3856065,368.0719396,91.35121692834808,9.761423695200618e-06
118.38324850000001,368.1719117,91.35116099953477,2.357988187583404e-07
118.3808905,368.2718839,91.35115964850766,9.997218934650578e-06
118.3785324,368.3718561,91.35121692835621,9.997219068676525e-06
118.3761744,368.4718283,91.35115964850691,1.2866496423352772e-12
118.37381640000001,368.5718005,91.35115964849953,1.2866496423352772e-12
118.37145840000001,368.6717727,91.35115964850691,9.99721933676251e-06
118.3691003,368.77174489999993,91.35121692835774,9.997219470815564e-06
118.3667423,368.8717171,91.35115964850614,1.5547185918090246e-12
118.36438429999998,368.97168930000004,91.35115964851504,9.997213519983352e-06
118.36202620000002,369.0716615,91.35121692833256,9.997213385930302e-06
118.3596682,369.1716337,91.3511596485158,1.5547185918116752e-12
118.3573102,369.2716059,91.35115964850691,9.997219068676525e-06
118.35495209999999,369.3715781,91.35121692835621,9.997218934650578e-06
118.35259409999999,369.4715503,91.35115964850766,1.5547185918116911e-12
118.3502361,369.5715225,91.35115964849876,9.997219202719621e-06
118.34787800000001,369.6714947,91.35121692834885,9.997216227325437e-06
118.34552,369.77146689999995,91.3511596485158,3.1094371836207157e-12
118.343162,369.87143910000003,91.351159648498,1.0233034693617447e-05
118.34080390000001,369.9714112,91.35121827944208,1.023303171816479e-05
118.3384459,370.0713834,91.35115964851504,1.4206841170722587e-12
118.3360879,370.1713556,91.35115964850691,1.2866496423352772e-12
118.33372990000001,370.2713278,91.35115964849953,9.997221776018713e-06
118.33137179999999,370.3713,91.35121692836435,9.997221776018713e-06
118.3290138,370.4712722,91.35115964849953,1.420684117074695e-12
118.3266558,370.57124439999996,91.35115964850766,9.99721737992357e-06
118.3242977,370.67121660000004,91.3512169283473,9.997218800607687e-06
118.32193970000002,370.7711888,91.35115964849953,2.8413682341493763e-12
118.3195817,370.871161,91.3511596485158,9.997216093282446e-06
118.3172236,370.9711332,91.35121692834808,9.997216093282446e-06
118.31486559999999,371.07110539999996,91.3511596485158,1.5547185918116752e-12
118.31250759999999,371.1710776,91.35115964850691,9.997216227308493e-06
118.31014950000001,371.2710498,91.35121692833994,9.997216227308493e-06
118.30779150000001,371.37102200000004,91.35115964850691,1.5547185918116752e-12
118.30543349999999,371.4709942,91.3511596485158,9.997216227325437e-06
118.3030754,371.5709664,91.35121692834885,9.997219336772672e-06
118.30071740000001,371.67093860000006,91.351159648498,1.6887530665484586e-12
118.29835940000001,371.7709108,91.35115964850766,2.358017941657098e-07
118.2960014,371.87088289999997,91.35116099955182,9.761420585758781e-06
118.2936433,371.97085510000005,91.3512169283473,9.997215959239452e-06
118.29128529999998,372.0708273,91.3511596485158,2.8413682341493763e-12
118.2889273,372.1707995,91.35115964849953,9.997219068693672e-06
118.2865692,372.27077169999995,91.35121692834885,9.997217782035503e-06
118.2842112,372.3707439,91.35115964850691,1.420684117072273e-12
118.28185320000001,372.4707161,91.35115964849876,9.997222044114758e-06
118.27949509999999,372.5706883,91.35121692836512,9.997222044114758e-06
118.2771371,372.6706605,91.35115964849876,1.420684117072273e-12
118.2747791,372.7706327,91.35115964850691,9.99721920271952e-06
118.272421,372.8706049,91.35121692835698,9.99721920271952e-06
118.270063,372.9705771,91.35115964850691,1.420684117072273e-12
118.267705,373.07054930000004,91.35115964849876,9.997220623403636e-06
118.2653469,373.1705215,91.35121692835698,9.99721906869357e-06
118.2629889,373.2704937,91.35115964850766,1.5547185918116911e-12
118.26063090000001,373.3704659,91.35115964849876,1.420684117072273e-12
118.25827290000001,373.4704381,91.35115964850691,9.99721920271952e-06
118.2559148,373.5704103,91.35121692835698,9.761423695217158e-06
118.2535568,373.67038239999994,91.35116099954368,2.357992208621642e-07
118.25119879999998,373.7703546,91.35115964851428,9.997213519966308e-06
118.24884070000002,373.87032680000004,91.3512169283318,9.997213251887307e-06
118.2464827,373.970299,91.3511596485158,1.420684117074681e-12
118.2441247,374.0702712,91.35115964850766,9.997218934650578e-06
118.24176659999999,374.1702434,91.35121692835621,9.997219068676525e-06
118.23940859999999,374.27021560000003,91.35115964850691,1.2866496423352772e-12
118.2370506,374.3701878,91.35115964849953,9.99721893465068e-06
118.23469250000001,374.47016,91.35121692834808,9.997216093282446e-06
118.2323345,374.5701322,91.3511596485158,1.420684117074681e-12
118.22997649999999,374.67010439999996,91.35115964850766,9.997215959239553e-06
118.22761840000001,374.77007660000004,91.35121692833916,9.997215959239553e-06
118.22526040000001,374.8700488,91.35115964850766,1.420684117074681e-12
118.2229024,374.970021,91.3511596485158,2.9754027088851597e-12
118.22054440000001,375.0699932,91.35115964849876,9.997222044114758e-06
118.21818629999999,375.16996539999997,91.35121692836512,9.997222044114758e-06
118.2158283,375.2699376,91.35115964849876,1.420684117072273e-12
118.2134703,375.3699098,91.35115964850691,9.997217782035503e-06
118.2111122,375.469882,91.35121692834885,9.76142396326996e-06
118.20875420000002,375.56985410000004,91.351160999534,2.3579726403721498e-07
118.2063962,375.6698263,91.3511596485158,9.997216227325437e-06
118.2040381,375.7697985,91.35121692834885,9.997217782035503e-06
118.2016801,375.8697707,91.35115964850691,1.5547185918116752e-12
118.19932209999999,375.96974289999997,91.3511596485158,9.997216093282446e-06
118.196964,376.0697151,91.35121692834808,9.997219068676627e-06
118.19460600000001,376.1696873,91.35115964849876,2.8413682341445316e-12
118.19224799999999,376.26965950000005,91.35115964851504,9.997216495394377e-06
118.1898899,376.36963169999996,91.3512169283496,9.997219336789719e-06
118.18753190000001,376.4696039,91.35115964849876,1.2866496423330836e-12
118.18517390000001,376.56957610000006,91.35115964850614,1.8227875412880865e-12
118.1828159,376.6695483,91.35115964851659,9.997215959256497e-06
118.1804578,376.7695205,91.35121692834808,9.997216093282446e-06
118.17809979999998,376.86949269999997,91.3511596485158,4.3961139310091616e-12
118.17574180000001,376.9694649,91.35115964849062,9.997221910071867e-06
118.1733837,377.0694371,91.35121692835621,9.997219068676525e-06
118.1710257,377.16940930000004,91.35115964850691,1.2866496423352772e-12
118.16866770000001,377.2693815,91.35115964849953,1.0233037132867341e-05
118.16630959999999,377.3693536,91.3512182794576,1.0233034291467738e-05
118.16395159999998,377.4693258,91.3511596485158,4.3961139310091616e-12
118.1615936,377.569298,91.35115964849062,9.997221910071867e-06
118.1592355,377.6692702,91.35121692835621,9.997218800624631e-06
118.1568775,377.76924239999994,91.35115964850844,1.8228146463386076e-12
118.1545195,377.8692146,91.351159648498,9.997219202729684e-06
118.15216140000001,377.96918680000005,91.35121692834808,9.997216093282446e-06
118.1498034,378.069159,91.3511596485158,2.8413682341493763e-12
118.14744540000001,378.1691312,91.35115964849953,9.997221776018713e-06
118.14508729999999,378.2691034,91.35121692836435,9.997223330782986e-06
118.14272930000001,378.36907560000003,91.35115964849062,4.3961139310091616e-12
118.1403713,378.4690478,91.3511596485158,1.5547185918116752e-12
118.1380133,378.56902,91.35115964850691,9.997216361351486e-06
118.13565520000002,378.6689922,91.3512169283407,9.99721480664142e-06
118.1332972,378.76896439999996,91.3511596485158,1.6887530665484412e-12
118.1309392,378.86893660000004,91.35115964850614,9.997217916088555e-06
118.1285811,378.9689088,91.35121692834885,9.997216361351386e-06
118.12622309999999,379.06888100000003,91.35115964851504,1.152615167598041e-12
118.12386509999999,379.16885319999994,91.35115964850844,1.0233031181999103e-05
118.12150700000001,379.2688253,91.3512182794324,1.0233030029391854e-05
118.119149,379.3687975,91.35115964851504,1.286649642335264e-12
118.11679099999999,379.4687697,91.35115964850766,9.997216227325539e-06
118.11443290000001,379.56874189999996,91.3512169283407,9.997216495377434e-06
118.11207490000001,379.66871410000005,91.35115964850614,1.6887530665484412e-12
118.1097169,379.7686863,91.3511596485158,9.997216227325437e-06
118.1073588,379.8686585,91.35121692834885,9.997216361351386e-06
118.10500079999998,379.9686307,91.35115964851504,4.128044981532748e-12
118.10264280000001,380.0686029,91.35115964849139,4.128044981532748e-12
118.1002848,380.1685751,91.35115964851504,9.997216227308391e-06
118.0979267,380.2685473,91.35121692834808,9.997216093282446e-06
118.09556869999999,380.3685195,91.3511596485158,4.3961139310091616e-12
118.09321070000001,380.4684917,91.35115964849062,9.997224885509995e-06
118.09085259999998,380.5684639,91.35121692837326,9.997224885509995e-06
118.0884946,380.6684361,91.35115964849062,4.262079456267321e-12
118.08613659999999,380.76840830000003,91.35115964851504,9.997216361351386e-06
118.0837785,380.8683805,91.35121692834885,9.997219068693672e-06
118.08142050000001,380.96835269999997,91.35115964849953,2.358015260959587e-07
118.0790625,381.0683248,91.35116099954215,9.76142396326986e-06
118.0767044,381.168297,91.35121692835698,9.997220489377688e-06
118.07434640000001,381.26826919999996,91.35115964849953,1.2866496423352772e-12
118.07198840000001,381.3682414,91.35115964850691,9.99721764799251e-06
118.06963030000001,381.4682136,91.35121692834808,9.997216093282446e-06
118.0672723,381.5681858,91.3511596485158,1.5547185918116752e-12
118.0649143,381.668158,91.35115964850691,1.2866496423352772e-12
118.06255630000001,381.7681302,91.35115964849953,9.997220355334697e-06
118.0601982,381.8681024,91.35121692835621,9.997219068676525e-06
118.0578402,381.9680746,91.35115964850691,1.4206841170722587e-12
118.05548219999999,382.06804680000005,91.35115964851504,9.997216361351386e-06
118.05312409999999,382.168019,91.35121692834885,9.997217648009554e-06
118.05076609999999,382.2679912,91.35115964850766,1.420684117074695e-12
118.0484081,382.36796339999995,91.35115964849953,9.997220221291704e-06
118.04605,382.46793560000003,91.35121692835544,9.997218800607585e-06
118.043692,382.5679078,91.35115964850766,1.420684117074695e-12
118.041334,382.66787999999997,91.35115964849953,9.99721893465068e-06
118.03897590000001,382.7678522,91.35121692834808,9.997216227308391e-06
118.0366179,382.8678244,91.35115964851504,2.3579766614144316e-07
118.03425990000001,382.96779649999996,91.35116099953554,9.761426402546563e-06
118.03190179999999,383.0677687,91.35121692836435,9.997223330782986e-06
118.02954380000001,383.1677409,91.35115964849062,4.3961139310091616e-12
118.0271858,383.2677131,91.3511596485158,1.5547185918116752e-12
118.0248278,383.3676853,91.35115964850691,9.997219068676525e-06
118.02246969999999,383.46765750000003,91.35121692835621,9.997221776045917e-06
118.02011170000002,383.5676297,91.35115964849139,4.262079456274589e-12
118.0177537,383.66760189999997,91.3511596485158,9.997215959239452e-06
118.0153956,383.76757410000005,91.3512169283473,9.997215959239452e-06
118.01303759999999,383.8675463,91.3511596485158,1.420684117074681e-12
118.01067959999999,383.9675185,91.35115964850766,9.997216227325539e-06
118.00832150000001,384.06749069999995,91.3512169283407,1.1482601559311891e-05
118.0052479,384.197804,91.35114115432582,0.5082470609631637
117.99699070000001,384.29796319999997,94.71284963831525,0.0026613868049446144
117.988707,384.3981167,94.72817408356096,0.005335122983064893
117.98037020000001,384.4982586,94.75889245220999,0.008010588061540822
117.9719537,384.598383,94.80501139033056,0.010668051902068038
117.9634311,384.6984841,94.86642234560783,0.013347758395359788
117.9547758,384.7985562,94.94324694460347,0.016033295017850935
117.9459612,384.8985934,95.03551080372793,0.018712098041772585
117.9369608,384.99859,95.143165829291,0.021399136026008795
117.92774809999999,385.09854,95.26624868041083,0.024099591017021686
117.91829650000001,385.1984377,95.40482456910279,0.026808656864457728
117.9085794,385.2982772,95.5589300134042,0.02950228130939932
117.89857040000001,385.3980529,95.72846242749998,0.03223818232826388
117.8882428,385.49775869999996,95.91364997651928,0.03494736765763637
117.87757020000001,385.597389,96.1143238077401,0.037686460125786775
117.86652600000001,385.696938,96.3306401878691,0.040436116655863934
117.85508359999999,385.7963997,96.56264366804619,0.04317089814899533
117.84321659999999,385.8957684,96.81023298114575,0.04594454838673455
117.8308983,385.9950383,97.07361567701717,0.04870610181829158
117.81810220000001,386.0942036,97.35270751769134,0.05147627835371205
117.80480179999999,386.1932584,97.6475437902179,0.05425189227093061
117.7909706,386.29219689999996,97.95814270374849,0.057051700224420056
117.77658190000001,386.39101339999996,98.28463169689435,0.05982938658893797
117.76160929999999,386.489702,98.62687487182265,0.06262918671547872
117.74602620000002,386.5882569,98.98499154245178,0.06543118481356329
117.72980600000001,386.6866723,99.35898996476733,0.06821393352549414
117.7129223,386.7849424,99.7487589006734,0.07102695388074787
117.69534840000001,386.8830613,100.15447347436725,0.07380339527722905
117.67705790000001,386.9810233,100.5759310838392,0.07659757042065458
117.65802420000001,387.0788225,101.01324379622739,0.07938168092587754
117.63822069999999,387.17645310000006,101.46636972632169,0.08214475166807418
117.6176209,387.2739093,101.93520997816466,0.08482032481570612
117.596199,387.3711855,102.41929238992515,0.08520377835133218
117.5739513,387.4682807,102.90556784087235,0.08297094165269212
117.5508993,387.5651994,103.37913661505519,0.08059207766279436
117.5270658,387.6619463,103.83919203190464,0.07820219764884279
117.5024736,387.75852610000004,104.28569262390324,0.07578174702940026
117.4771457,387.8549436,104.71848058358438,0.07339642267637865
117.4511047,387.9512035,105.13776899398006,0.07094875398318651
117.42437379999998,388.0473105,105.5432097890765,0.06856120583260651
117.39697549999998,388.1432695,105.9351514090702,0.06612608474277205
117.36893290000002,388.239085,106.31332312215265,0.06371957207549203
117.3402687,388.3347619,106.67788665000481,0.06129880105696795
117.31100579999999,388.430305,107.02875651068153,0.05889065477179033
117.28116709999999,388.5257188,107.36599790900861,0.05648503737090888
117.2507754,388.6210082,107.68961649165415,0.05409089910414343
117.21985349999999,388.7161779,107.99966781684631,0.05169056493036127
117.18842430000001,388.8112327,108.29610446219242,0.04930038532956739
117.15651070000001,388.9061773,108.57897148440209,0.04692724966055402
117.1241355,389.00101639999997,108.84835250541498,0.044562017301049764
117.0913215,389.0957547,109.1042781026373,0.04219224823302982
117.0580916,389.190397,109.34670700132683,0.03983069836293913
117.02446869999999,389.2849481,109.57567097276524,0.03749350066978444
116.99047560000001,389.3794126,109.79129433842003,0.03515447673938457
116.9561351,389.4737954,109.99355120506532,0.0328243405616548
116.9214701,389.56810110000004,110.18247753964702,0.030508081971854867
116.8865034,389.66233439999996,110.35813834403427,0.028173908831491495
116.851258,389.7565002,110.52041638242918,0.025881589350390893
116.81575659999999,389.85060319999997,110.66953939833964,0.023590266511752847
116.780022,389.944648,110.80550054740898,0.02126699565705948
116.7440773,390.0386395,110.92810405080553,0.019432820132775384
116.70794120000001,390.13258039999994,111.04015938422702,0.020857269972422546
116.6716027,390.2264588,111.16044993829475,0.023833589119881277
116.63503670000001,390.32025580000004,111.29792026248566,0.02683857861081007
116.5982179,390.41395239999997,111.45272710431546,0.029826566838983496
116.5611212,390.5075298,111.62476016848164,0.03284137890201423
116.52372140000001,390.600969,111.81415842912561,0.03586839722875456
116.48599329999999,390.69425099999995,112.02097310517502,0.03891084313170521
116.4479116,390.787357,112.2452711408836,0.04196665886222199
116.4094511,390.880268,112.48710483074129,0.04502221849239432
116.3705867,390.9729652,112.74644538390126,0.04812506833264263
116.33129309999998,391.0654295,113.02353559560156,0.05122064042223002
116.2915452,391.157642,113.31830194072394,0.054349689279320615
116.25131770000002,391.24958389999995,113.6309043864186,0.057492306756856425
116.2105855,391.3412361,113.96138690801125,0.060661330986403805
116.1693233,391.4325798,114.30986655951436,0.06384542381177269
116.12750590000002,391.5235961,114.67639536353599,0.06705382399869167
116.0851081,391.61426600000004,115.06107825626363,0.07027308601332934
116.04210479999999,391.7045705,115.46394352775327,0.07352533840998765
115.9984706,391.79449089999997,115.88514839150294,0.07678112741721438
115.95418049999999,391.884008,116.32468279395698,0.08005842969482951
115.90920919999999,391.97310310000006,116.782642202824,0.08335460044935075
115.8635315,392.0617572,117.25911084033,0.0866635136726988
115.8171222,392.14995130000005,117.75414122699293,0.08997299862148118
115.7699561,392.2376666,118.26772167897366,0.09330372518274575
115.722008,392.324884,118.79996398004347,0.09661862160366418
115.6732527,392.4115848,119.35077517037072,0.09995779959863962
115.62366499999999,392.4977498,119.9202982110316,0.10326217237970214
115.5732197,392.5833604,120.50834791676353,0.10658746314290564
115.5218916,392.6683974,121.11506581424973,0.10832511573359334
115.46966780000001,392.7528512,121.73145410494963,0.1060401037729976
115.41656709999998,392.83673569999996,122.33469376256913,0.10309397800842594
115.3626132,392.9200684,122.92110783310137,0.10009249939653199
115.30782990000002,393.00286689999996,123.49045623321051,0.09703579333488051
115.25224109999998,393.085149,124.04248861964881,0.09399707140925082
115.19587040000002,393.16693210000005,124.57736021895037,0.09090580122947779
115.1387416,393.2482338,125.09481457574284,0.08777495456806182
115.08087859999999,393.3290719,125.59465988644193,0.08467726428961272
115.022305,393.4094638,126.07710962684259,0.08152048811891552
114.9630447,393.4894273,126.54184372398977,0.07839707358836015
114.90312140000002,393.5689798,126.98906139777402,0.07523799652227188
114.84255890000001,393.64813910000004,127.41856166313774,0.07210312618285178
114.78138100000001,393.7269226,127.83047892600393,0.06895424737108255
114.7196114,393.8053481,128.22472408472268,0.06582103048888573
114.6572739,393.88343310000005,128.60137289293903,0.06267503112329535
114.59439240000002,393.96119530000004,128.96033371157296,0.05957422787425211
114.5309905,394.0386522,129.3018435289497,0.0564625129161486
114.467092,394.11582139999996,129.62581480720215,0.05335677427591277
114.40272069999999,394.19272060000003,129.93225408478128,0.05026330022134741
114.33790049999999,394.26936739999996,130.22120171218785,0.0472209589466587
114.2726549,394.3457793,130.49292005940433,0.04414305472362818
114.20700790000001,394.42197400000003,130.7471715152796,0.041109782305971905
114.1409832,394.49796910000003,130.98417903387477,0.03808491552888894
114.07460459999999,394.5737822,131.20395654927265,0.03509002551456157
114.00789579999999,394.6494308,131.40664220126828,0.03208425282916902
113.94088059999999,394.7249327,131.5921383808687,0.029113923841175088
113.8735828,394.80030539999996,131.76061542220862,0.026152792680630598
113.8060262,394.8755665,131.9120924384279,0.023214211719220595
113.73823449999999,394.95073360000004,132.04666678935212,0.020276612001288927
113.6702315,395.0258244,132.16431183749475,0.017366379478868026
113.60204099999999,395.1008564,132.2651550252206,0.014463277811335567
113.5336868,395.1758472,132.34920764947705,0.012607548418144373
113.46518629999998,395.25080560000004,132.4225315624313,0.01697540451435812
113.39651950000001,395.3256863,132.5213214417453,0.023669105745961525
113.3276521,395.40042410000007,132.65912392320365,0.03040173341537026
113.2585498,395.4749534,132.8361561829524,0.03713461031474043
113.18917830000001,395.54920899999996,133.0523833867261,0.043920001545959535
113.1195034,395.6231254,133.30804927145834,0.050765399712413464
113.0494907,395.6966372,133.60341645209897,0.05765426767751951
112.979106,395.7696791,133.93862832800224,0.06463198926842063
112.90831509999998,395.8421856,134.31407029541592,0.07170228933314221
112.83708349999999,395.91409139999996,134.73012972932028,0.07885249605900249
112.7653771,395.98533100000003,135.18710264576637,0.08611118398039423
112.6931615,396.0558391,135.68543539961993,0.09347028140355164
112.6204025,396.1255503,136.2255155494544,0.10095494138506571
112.5470658,396.19439910000006,136.8078663947703,0.1085313697876723
112.47311709999998,396.2623203,137.43281162540544,0.11624331388927778
112.3985222,396.3292483,138.10092589652223,0.12404932667541171
112.3232467,396.39511789999995,138.81254987995476,0.13198266247180065
112.2472563,396.4598635,139.56822548379228,0.13996794310993976
112.1705169,396.52341989999996,140.36807863356793,0.14808411538949
112.09299399999999,396.5857216,141.2127113113854,0.15623249881368917
112.0146535,396.6467032,142.10219290971443,0.16443591825789095
111.935461,396.7062994,143.03676356055723,0.17266150598580327
111.85538229999999,396.76444469999996,144.01652549477137,0.18087054451412618
111.77438300000001,396.82107379999997,145.041419841321,0.18903078602473158
111.692429,396.8761212,146.11127306449168,0.197108554047148
111.6094858,396.9295216,147.22579968154258,0.20503750240540386
111.5255193,396.98120960000006,148.38442722059784,0.2106006053551646
111.44050559999998,397.0311384,149.5741565417333,0.20488092703822613
111.3544733,397.07935489999994,150.7317029347073,0.19546570669436505
111.2674676,397.1259354,151.83660716569003,0.18588756780039398
111.17953349999999,397.1709563,152.88825525753157,0.17619337418852932
111.0907164,397.2144939,153.88618833392067,0.16645643125544585
111.0010612,397.2566246,154.83026739404565,0.15668775660018877
110.9106132,397.2974248,155.72033425671236,0.14697817983135456
110.8194175,397.33697060000003,156.55667634262306,0.1372699816512772
110.7275193,397.3753386,157.3391974389733,0.12768172937509747
110.63496359999999,397.412605,158.06843299013775,0.11816929043065376
110.5417956,397.4488461,158.74463356582774,0.10874040853878844
110.44806059999999,397.48413839999995,159.36806991347274,0.09945761364118923
110.3538035,397.5185582,159.9393581095371,0.09027806106784396
110.2590696,397.55218179999997,160.45886239960134,0.0812229305525243
110.163904,397.5850855,160.9270691681862,0.07227291536193539
110.06835179999999,397.6173457,161.34436105512165,0.06343501695647592
109.97245829999999,397.6490387,161.7111726030414,0.05470128125174657
109.87626840000001,397.6802409,162.02790913119966,0.046052976979691435
109.7798275,397.7110286,162.29488717394338,0.037487432198198695
109.68318059999999,397.74147819999996,162.51243037168294,0.02900470288824577
109.58637279999999,397.7716659,162.68088814820868,0.02054202560335019
109.4894494,397.8016682,162.80027197153527,0.012145821725859584
109.3924554,397.83156139999994,162.87089121782068,0.0037560503123951474
109.2954361,397.8614219,162.8927353165117,0.004597511699910124
109.1984365,397.89132589999997,162.8659963986307,0.012969412311866666
109.1015017,397.9213497,162.79057898357743,0.018462322789089502
109.00466409999999,397.95154229999997,162.68325680416862,0.016114812308828018
108.9079213,397.98187889999997,162.58962245204367,0.01246519749848852
108.8112652,398.0123225,162.5172290615943,0.008798744171291896
108.71468770000001,398.04283599999997,162.4661554732412,0.005135926977958442
108.61818079999999,398.07338239999996,162.43635961938497,0.0014668304059781328
108.52173629999999,398.1039248,162.42785482995367,0.0022322225438428235
108.4253463,398.13442599999996,162.44078941940623,0.005927158555790674
108.32900249999999,398.1648491,162.47511186517647,0.009651516608144603
108.232697,398.1951569,162.53096260971836,0.01336166421229004
108.1364216,398.2253126,162.60822730418639,0.0171094339972457
108.04016829999999,398.2552791,162.70708933603603,0.020870143593743534
107.94392890000002,398.28501939999995,162.8275872386018,0.024651811926694484
107.84769540000002,398.3144964,162.96980399729796,0.02844232545062334
107.7514598,398.3436731,163.1337509376651,0.03226023418754792
107.6552138,398.3725125,163.31954523887197,0.03609550542259685
107.55894950000001,398.4009775,163.52724511902528,0.039937092119788575
107.4626588,398.4290312,163.7568445005432,0.04380774411765423
107.36633359999999,398.4566366,164.00846821948684,0.04771963408188964
107.26996570000001,398.48375649999997,164.282311169961,0.05161354434616814
107.1735472,398.510354,164.57822904218526,0.05554314346979625
107.0770699,398.5363921,164.89638707673308,0.059496497185570305
106.9805257,398.56183369999997,165.2368843423948,0.06345047924121969
106.8839067,398.5866418,165.59969000249995,0.06742778075557762
106.78720459999998,398.61077939999996,165.9849071683306,0.0714083082989774
106.6904114,398.6342095,166.39252891698916,0.0754090331956755
106.593519,398.656895,166.82265034204298,0.07940438149624156
106.4965193,398.67879889999995,167.27522733033743,0.08339592175669246
106.3994044,398.6998842,167.75023198193398,0.08739411372498607
106.30216589999999,398.7201139,168.24770531010194,0.09137041680278428
106.204796,398.739451,168.76753541551062,0.09535015924983811
106.1072865,398.7578584,169.3097649077354,0.0993065442921846
106.0096293,398.775299,169.87429679479965,0.10320295531572056
105.9118164,398.791736,170.46083893745495,0.10710695289257831
105.8138396,398.80713219999996,171.06949794996046,0.11093344572249701
105.7156909,398.82145069999996,171.69991245961774,0.11473881411360878
105.6173622,398.8346543,172.35205798804972,0.11844142980593973
105.51884540000002,398.84670619999997,173.02546427464466,0.1213919867280589
105.42013370000001,398.8575762,173.7159842355765,0.11800785132973123
105.32123159999999,398.86729510000004,174.38768400512294,0.11145167369312865
105.2221493,398.8759244,175.0225413210418,0.10484973840532878
105.122897,398.88352610000004,175.62028608720905,0.0982730718092536
105.02348490000001,398.89016210000005,176.1810326269354,0.0917291659584657
104.92392340000002,398.8958942,176.7049212753295,0.0851981118317933
104.8242225,398.90078439999996,177.19196662126006,0.07870997166302994
104.7243927,398.90489460000003,177.6423454590096,0.07227297458260118
104.624444,398.90828660000005,178.05627564330499,0.06585508113286385
104.5243868,398.9110224,178.43378838496247,0.05948926934174164
104.4242313,398.9131639,178.77510253069346,0.05317402918262852
104.3239877,398.9147729,179.08043013675808,0.046877906963758396
104.2236662,398.91591139999997,179.34980592555632,0.04063809979425088
104.1232772,398.9166412,179.58348301806646,0.03441202963418487
104.0228308,398.91702430000004,179.7814764222271,0.028234976388981054
103.9223373,398.9171225,179.94401186389666,0.02206300496796923
103.8218069,398.9169978,180.07107084067815,0.015920830454321237
103.7212498,398.91671210000004,180.1627867167827,0.00857330618216888
103.5601522,398.91607369999997,180.2270513910605,0.06336669270067706
103.4601597,398.9148502,180.70103145810967,0.0
103.3601672,398.9136267,180.70103145810967,5.666530987099728e-12
103.2601747,398.91240319999997,180.70103145814213,5.649129534424078e-12
103.16018220000001,398.9111797,180.70103145810975,3.4775800287243614e-14
103.0601897,398.9099562,180.70103145810955,1.223498641306072e-07
102.96019709999999,398.90873270000003,180.70103075709622,1.2235558280321573e-07
102.8602046,398.9075092,180.70103145814232,5.7186811349985645e-12
102.76021209999999,398.9062857,180.70103145810955,5.7186811349985645e-12
102.6602196,398.9050622,180.70103145814232,5.7186811349985645e-12
102.56022709999999,398.9038387,180.70103145810955,5.7013067873869645e-12
102.46023459999999,398.90261519999996,180.7010314581422,1.2235554805457263e-07
102.360242,398.9013917,180.70103075709633,1.2234986413065938e-07
102.2602495,398.9001682,180.70103145810967,5.683932439777796e-12
102.160257,398.89894469999996,180.7010314581422,5.683932439777796e-12
102.0602645,398.8977212,180.70103145810967,0.0
101.960272,398.8964977,180.70103145810967,0.0
101.8602795,398.8952742,180.70103145810967,5.683932439777796e-12
101.760287,398.8940507,180.7010314581422,1.0121597488654791e-05
101.6602944,398.8928273,180.70097346564046,1.0121591822161568e-05
101.56030190000001,398.89160380000004,180.70103145810975,5.649129534424078e-12
101.4603094,398.8903803,180.70103145814213,5.649129534424078e-12
101.36031690000002,398.8891568,180.70103145810975,5.649129534424078e-12
101.2603244,398.8879333,180.70103145814213,5.666530987099728e-12
101.1603319,398.8867098,180.70103145810967,5.683932439777796e-12
101.0603394,398.88548629999997,180.7010314581422,1.2235556542886808e-07
100.9603468,398.8842628,180.70103075709622,1.2234988153205985e-07
100.8603543,398.8830393,180.70103145810967,0.0
100.7603618,398.8818158,180.70103145810967,5.683932439777796e-12
100.6603693,398.8805923,180.7010314581422,5.7013067873869645e-12
100.56037679999999,398.8793688,180.70103145810955,3.4775800287243614e-14
100.4603843,398.8781453,180.70103145810975,1.22349881505007e-07
100.36039170000001,398.87692180000005,180.70103075709633,1.2235554805457263e-07
100.26039920000001,398.8756983,180.7010314581422,5.683932439777796e-12
100.16040670000001,398.87447480000003,180.70103145810967,1.7401452676855532e-14
100.0604142,398.87325130000005,180.70103145810955,1.2229294665262872e-08
99.96042169,398.8720278,180.70103138804086,1.224069360519574e-08
99.86042917,398.87080430000003,180.70103131790685,1.2240676203748284e-08
99.76043666,398.8695808,180.70103138804078,1.0011488411939149e-05
99.66044414,398.8683574,180.70097402643782,1.0011488429315623e-05
99.56045163,398.86713389999994,180.70103138804086,1.224069360519574e-08
99.46045911,398.86591039999996,180.70103131790685,1.2234992300971266e-08
99.3604666,398.8646869,180.7010313880082,1.2229308398193994e-08
99.26047408,398.86346339999994,180.70103131793942,1.2229325772536394e-08
99.16048157,398.86223989999996,180.7010313880083,1.2235009702418722e-08
99.06048905,398.8610164,180.70103131790685,1.2240676203748284e-08
98.96049654,398.85979289999995,180.70103138804078,1.2240676203748284e-08
98.86050402,398.85856939999996,180.70103131790685,1.2235009702418722e-08
98.76051151,398.8573459,180.7010313880083,1.2235009702418722e-08
98.66051899,398.8561224,180.70103131790685,1.2240676203748284e-08
98.56052648,398.85489889999997,180.70103138804078,1.2240658829411102e-08
98.46053396,398.8536754,180.70103131790697,1.2234974926634081e-08
98.36054145,398.8524519,180.7010313880082,1.2234992300971266e-08
98.26054893,398.8512284,180.70103131790685,1.224069360519574e-08
98.16055642,398.8500049,180.70103138804086,1.2235009675313412e-08
98.0605639,398.84878139999995,180.70103131793942,1.2229308398193994e-08
97.96057139,398.84755789999997,180.7010313880082,1.2229308398193994e-08
97.86057887,398.84633439999993,180.70103131793942,1.2229325772536394e-08
97.76058636,398.84511089999995,180.7010313880083,1.0011488429342935e-05
97.66059384,398.8438875,180.70097402640525,1.0011488411939357e-05
97.56060133,398.842664,180.7010313880082,1.2229308398193994e-08
97.46060881,398.8414405,180.70103131793942,1.2229308398193994e-08
97.36061629999999,398.840217,180.7010313880082,1.2234974926634081e-08
97.26062378,398.8389935,180.70103131790697,1.2234974926634081e-08
97.16063127,398.83777000000003,180.7010313880082,1.2229308398193994e-08
97.06063875,398.8365465,180.70103131793942,1.2229325772536394e-08
96.96064624,398.835323,180.7010313880083,1.2235009702418722e-08
96.86065372,398.83409950000004,180.70103131790685,1.2240676203748284e-08
96.76066121,398.832876,180.70103138804078,1.2240676203748284e-08
96.66066869,398.8316525,180.70103131790685,1.224069360519574e-08
96.56067618,398.830429,180.70103138804086,1.224069360519574e-08
96.46068366,398.8292055,180.70103131790685,1.2240676203748284e-08
96.36069115,398.82798199999996,180.70103138804078,1.2240676203748284e-08
96.26069863,398.8267585,180.70103131790685,1.2235009702418722e-08
96.16070612,398.825535,180.7010313880083,1.2235009702418722e-08
96.0607136,398.8243115,180.70103131790685,1.224069360519574e-08
95.96072109,398.823088,180.70103138804086,1.224069360519574e-08
95.86072857,398.8218645,180.70103131790685,9.987019426875154e-06
95.76073606,398.82064110000005,180.70097409650086,9.987019426875154e-06
95.66074354,398.81941760000007,180.70103131790685,1.224069360519574e-08
95.56075103,398.8181941,180.70103138804086,1.224069360519574e-08
95.46075851,398.81697060000005,180.70103131790685,1.2240676203748284e-08
95.360766,398.8157471,180.70103138804078,1.2240676203748284e-08
95.26077348,398.81452360000003,180.70103131790685,1.224069360519574e-08
95.16078097,398.8133001,180.70103138804086,1.224069360519574e-08
95.06078845,398.8120766,180.70103131790685,1.2234992300971266e-08
94.96079594,398.81085310000003,180.7010313880082,1.2229308398193994e-08
94.86080342,398.8096296,180.70103131793942,1.2229325772536394e-08
94.76081091,398.8084061,180.7010313880083,1.2235009702418722e-08
94.66081839,398.80718260000003,180.70103131790685,1.2240676203748284e-08
94.56082588,398.8059591,180.70103138804078,1.2240676203748284e-08
94.46083336,398.8047356,180.70103131790685,1.2235009702418722e-08
94.36084085,398.80351210000003,180.7010313880083,1.2235009702418722e-08
94.26084833,398.80228860000005,180.70103131790685,1.2240676203748284e-08
94.16085582,398.8010651,180.70103138804078,1.2240676203748284e-08
94.0608633,398.79984160000004,180.70103131790685,1.2235009702418722e-08
93.96087079,398.79861810000006,180.7010313880083,1.2229325772536394e-08
93.86087827,398.7973946,180.70103131793942,9.987019426874947e-06
93.76088576,398.7961712,180.70097409653343,9.98701374297217e-06
93.66089324,398.7949477,180.70103131790685,1.224069360519574e-08
93.56090073,398.7937242,180.70103138804086,1.2235009675313412e-08
93.46090821,398.79250069999995,180.70103131793942,1.2229325772536394e-08
93.3609157,398.79127719999997,180.7010313880083,1.2235009702418722e-08
93.26092318,398.7900537,180.70103131790685,1.2240676203748284e-08
93.16093067,398.78883019999995,180.70103138804078,1.2240676203748284e-08
93.06093815,398.78760669999997,180.70103131790685,1.2235009702418722e-08
92.96094564,398.7863832,180.7010313880083,1.2235009702418722e-08
92.86095312,398.7851597,180.70103131790685,1.2240676203748284e-08
92.76096061,398.78393619999997,180.70103138804078,1.2240676203748284e-08
92.66096809,398.7827127,180.70103131790685,1.2235009702418722e-08
92.56097558,398.7814892,180.7010313880083,1.2229325772536394e-08
92.46098306,398.7802657,180.70103131793942,1.2229308398193994e-08
92.36099055,398.7790422,180.7010313880082,1.2234992300971266e-08
92.26099803,398.7778187,180.70103131790685,1.2235009702418722e-08
92.16100552,398.77659520000003,180.7010313880083,1.2229325772536394e-08
92.061013,398.7753717,180.70103131793942,1.2234992300971013e-08
91.96102049,398.77414819999996,180.70103138804078,1.2240676203748284e-08
91.86102797,398.7729247,180.70103131790685,9.987019409475838e-06
91.76103546,398.7717013,180.70097409650097,9.987025093405721e-06
91.66104294,398.7704778,180.70103131793942,1.2229308398193994e-08
91.56105043,398.7692543,180.7010313880082,1.2234992300971266e-08
91.46105791,398.7680308,180.70103131790685,1.2235027076761122e-08
91.36106540000002,398.76680730000004,180.7010313880084,1.2229360548321033e-08
91.26107288,398.7655838,180.70103131793934,5.6665275874361915e-12
91.16108036,398.7643603,180.70103131790685,1.2235009702418722e-08
91.06108785,398.76313680000004,180.7010313880083,1.2229325772536394e-08
90.96109533,398.7619133,180.70103131793942,1.2229308398193994e-08
90.86110282,398.7606898,180.7010313880082,1.2234992300971266e-08
90.7611103,398.75946630000004,180.70103131790685,1.224069360519574e-08
90.66111779,398.7582428,180.70103138804086,1.224069360519574e-08
90.56112527,398.7570193,180.70103131790685,1.2240676203748284e-08
90.46113276,398.7557958,180.70103138804078,1.2240676203748284e-08
90.36114024,398.7545723,180.70103131790685,1.224069360519574e-08
90.26114773,398.75334879999997,180.70103138804086,1.224069360519574e-08
90.16115521,398.7521253,180.70103131790685,1.2234992300971266e-08
90.0611627,398.7509018,180.7010313880082,1.2234992300971266e-08
89.96117018,398.7496783,180.70103131790685,9.987008041642762e-06
89.86117767,398.74845489999996,180.7009740965661,9.987008041642762e-06
89.76118515,398.7472314,180.70103131790685,1.2234992300971266e-08
89.66119264,398.7460079,180.7010313880082,1.2229308398193994e-08
89.56120012,398.74478439999996,180.70103131793942,1.2229325772536394e-08
89.46120761,398.7435609,180.7010313880083,1.2235009702418722e-08
89.36121509,398.7423374,180.70103131790685,1.2234992300971266e-08
89.26122258,398.7411139,180.7010313880082,1.2229308398193994e-08
89.16123006,398.7398904,180.70103131793942,1.2229325772536394e-08
89.06123755,398.7386669,180.7010313880083,1.2229325772536394e-08
88.96124503,398.73744339999996,180.70103131793942,1.2229308398193994e-08
88.86125252,398.7362199,180.7010313880082,1.2229308398193994e-08
88.76126,398.73499639999994,180.70103131793942,1.2229325772536394e-08
88.66126749,398.73377289999996,180.7010313880083,1.2235009702418722e-08
88.56127497,398.7325494,180.70103131790685,1.224069360519574e-08
88.46128246,398.73132589999994,180.70103138804086,1.224069360519574e-08
88.36128994,398.73010239999996,180.70103131790685,1.2234992300971266e-08
88.26129743,398.7288789,180.7010313880082,1.2229308398193994e-08
88.16130491,398.72765539999995,180.70103131793942,1.2229325772536394e-08
88.0613124,398.72643189999997,180.7010313880083,1.2235009702418722e-08
87.96131988,398.7252084,180.70103131790685,9.987019426875154e-06
87.86132737,398.723985,180.70097409650086,9.987019426875154e-06
87.76133485,398.72276150000005,180.70103131790685,1.224069360519574e-08
87.66134234,398.721538,180.70103138804086,1.224069360519574e-08
87.56134982,398.72031450000003,180.70103131790685,1.2240676203748284e-08
87.46135731,398.719091,180.70103138804078,1.2234992300971013e-08
87.36136479,398.71786749999995,180.70103131793942,1.2229325772536394e-08
87.26137228,398.716644,180.7010313880083,1.2235009702418722e-08
87.16137976,398.7154205,180.70103131790685,1.2234992300971266e-08
87.06138725,398.714197,180.7010313880082,1.2229308398193994e-08
86.96139473,398.7129735,180.70103131793942,1.2229325772536394e-08
86.86140222,398.71175,180.7010313880083,1.2235009702418722e-08
86.7614097,398.7105265,180.70103131790685,1.2240676203748284e-08
86.66141719,398.709303,180.70103138804078,1.2240676203748284e-08
86.56142467,398.7080795,180.70103131790685,1.2235009702418722e-08
86.46143216,398.706856,180.7010313880083,1.2235009702418722e-08
86.36143964,398.70563250000004,180.70103131790685,1.2240676203748284e-08
86.26144713,398.704409,180.70103138804078,1.2240658829411102e-08
86.16145461,398.7031855,180.70103131790697,1.2234957552291683e-08
86.06146209999999,398.70196200000004,180.7010313880081,1.2229273622409356e-08
85.96146958,398.7007385,180.70103131793954,9.987019426879204e-06
85.86147707,398.6995151,180.70097409653354,9.987013725572854e-06
85.76148455,398.6982916,180.70103131790685,1.2234992300971266e-08
85.66149204,398.6970681,180.7010313880082,1.2234992300971266e-08
85.56149952,398.69584460000004,180.70103131790685,1.224069360519574e-08
85.46150701,398.6946211,180.70103138804086,1.224069360519574e-08
85.36151449,398.6933976,180.70103131790685,1.2234992300971266e-08
85.26152198,398.69217410000005,180.7010313880082,1.2229308398193994e-08
85.16152946,398.6909506,180.70103131793942,1.2229325772536394e-08
85.06153695,398.6897271,180.7010313880083,1.2235009702418722e-08
84.96154443,398.68850360000005,180.70103131790685,1.2234992300971266e-08
84.86155192,398.68728010000007,180.7010313880082,1.2229291023856809e-08
84.76155940000001,398.68605660000003,180.70103131793954,1.2229291023856809e-08
84.66156689,398.68483310000005,180.7010313880082,1.2229308398193994e-08
84.56157437,398.6836096,180.70103131793942,1.2229308398193994e-08
84.46158186,398.68238610000003,180.7010313880082,1.2229308398193994e-08
84.36158934,398.6811626,180.70103131793942,1.2229325772536394e-08
84.26159683,398.6799391,180.7010313880083,1.2235009702418722e-08
84.16160431,398.67871560000003,180.70103131790685,1.224069360519574e-08
84.06161180000001,398.6774921,180.70103138804086,1.0011488446714935e-05
83.96161928,398.6762687,180.70097402643773,1.0011482762785053e-05
83.86162677,398.6750452,180.7010313880083,1.2229325772536394e-08
83.76163425,398.67382169999996,180.70103131793942,1.2229308398193994e-08
83.66164174,398.6725982,180.7010313880082,1.2234974926634081e-08
83.56164922,398.6713747,180.70103131790697,1.2234974926634081e-08
83.46165671,398.6701512,180.7010313880082,1.2229308398193994e-08
83.36166419,398.6689277,180.70103131793942,1.2229325772536394e-08
83.26167168,398.6677042,180.7010313880083,1.2235009702418722e-08
83.16167916,398.6664807,180.70103131790685,1.2240676203748284e-08
83.06168665,398.6652572,180.70103138804078,1.2240676203748284e-08
82.96169413,398.6640337,180.70103131790685,1.224069360519574e-08
82.86170162,398.66281019999997,180.70103138804086,1.2240711006637978e-08
82.76170909999999,398.6615867,180.70103131790677,1.2240711006637978e-08
82.66171659,398.66036319999995,180.70103138804086,1.224069360519574e-08
82.56172407,398.65913969999997,180.70103131790685,1.2235009702418722e-08
82.46173156,398.6579162,180.7010313880083,1.2229325772536394e-08
82.36173904,398.65669269999995,180.70103131793942,1.2229308398193994e-08
82.26174653,398.65546919999997,180.7010313880082,1.2234992300971266e-08
82.16175401,398.6542457,180.70103131790685,1.2235009702418722e-08
82.0617615,398.6530222,180.7010313880083,1.0011482745412846e-05
81.96176898,398.6517988,180.70097402643782,1.0011482728036373e-05
81.86177647,398.6505753,180.7010313880082,1.2234992300971266e-08
81.76178395,398.64935180000003,180.70103131790685,1.2235009702418722e-08
81.66179144,398.64812830000005,180.7010313880083,1.2229325772536394e-08
81.56179892,398.6469048,180.70103131793942,1.2229308398193994e-08
81.46180641,398.64568130000004,180.7010313880082,1.2229308398193994e-08
81.36181389,398.6444578,180.70103131793942,1.2229325772536394e-08
81.26182138,398.6432343,180.7010313880083,1.2229325772536394e-08
81.16182886,398.6420108,180.70103131793942,1.2229308398193994e-08
81.06183635,398.6407873,180.7010313880082,1.2234974926634081e-08
80.96184383,398.6395638,180.70103131790697,1.2240658829411102e-08
80.86185132,398.6383403,180.70103138804078,1.2240676203748284e-08
80.7618588,398.6371168,180.70103131790685,1.2235009702418722e-08
80.66186629,398.6358933,180.7010313880083,1.2235009702418722e-08
80.56187377,398.63466980000004,180.70103131790685,1.2240676203748284e-08
80.46188126,398.6334463,180.70103138804078,1.2240676203748284e-08
80.36188874,398.6322228,180.70103131790685,1.2235009702418722e-08
80.26189623,398.63099930000004,180.7010313880083,1.2229325772536394e-08
80.16190371,398.6297758,180.70103131793942,1.2229325772536394e-08
80.06191120000001,398.6285523,180.7010313880083,1.0011482762785053e-05
79.96191868,398.6273289,180.70097402643773,1.0011488446714935e-05
79.86192617,398.6261054,180.70103138804086,1.224069360519574e-08
79.76193365,398.6248819,180.70103131790685,1.2240676203748284e-08
79.66194114,398.62365839999995,180.70103138804078,1.2240676203748284e-08
79.56194862,398.6224349,180.70103131790685,1.224069360519574e-08
79.46195611,398.62121139999994,180.70103138804086,1.224069360519574e-08
79.36196359,398.61998789999996,180.70103131790685,1.2234992300971266e-08
79.26197108,398.6187644,180.7010313880082,1.2234992300971266e-08
79.16197856,398.6175409,180.70103131790685,1.224069360519574e-08
79.06198605,398.61631739999996,180.70103138804086,1.224069360519574e-08
78.96199353,398.6150939,180.70103131790685,1.2234992300971266e-08
78.86200102,398.6138704,180.7010313880082,1.2229308398193994e-08
78.7620085,398.61264689999996,180.70103131793942,1.2229325772536394e-08
78.66201599,398.6114234,180.7010313880083,1.2235009702418722e-08
78.56202347,398.6101999,180.70103131790685,1.2235009702418722e-08
78.46203096,398.6089764,180.7010313880083,1.2229325772536394e-08
78.36203844,398.6077529,180.70103131793942,1.2229308398193994e-08
78.26204593,398.6065294,180.7010313880082,1.2229308398193994e-08
78.16205341,398.60530589999996,180.70103131793942,1.2229325772536394e-08
78.0620609,398.6040824,180.7010313880083,1.0011482745412846e-05
77.96206838,398.60285899999997,180.70097402643782,1.0011482728036373e-05
77.86207587,398.6016355,180.7010313880082,1.2234992300971266e-08
77.76208335,398.600412,180.70103131790685,1.224069360519574e-08
77.66209084,398.59918849999997,180.70103138804086,1.224069360519574e-08
77.56209832,398.597965,180.70103131790685,1.2234992300971266e-08
77.46210581,398.5967415,180.7010313880082,1.2234992300971266e-08
77.36211329,398.595518,180.70103131790685,1.224069360519574e-08
77.26212078,398.5942945,180.70103138804086,1.224069360519574e-08
77.16212826,398.593071,180.70103131790685,1.2234992300971266e-08
77.06213575,398.59184750000003,180.7010313880082,1.2234992300971266e-08
76.96214323,398.59062400000005,180.70103131790685,1.224069360519574e-08
76.86215072,398.5894005,180.70103138804086,1.224069360519574e-08
76.7621582,398.58817700000003,180.70103131790685,1.2240676203748284e-08
76.66216569,398.5869535,180.70103138804078,1.2234992300971013e-08
76.56217317,398.58572999999996,180.70103131793942,1.2229325772536394e-08
76.46218066,398.5845065,180.7010313880083,1.2235009702418722e-08
76.36218814,398.583283,180.70103131790685,1.2234992300971266e-08
76.26219563,398.5820595,180.7010313880082,1.2229308398193994e-08
76.16220311,398.580836,180.70103131793942,9.987025110777931e-06
76.06221059999999,398.5796126,180.70097409650086,9.98701944427873e-06
75.96221808,398.57838910000004,180.70103131790697,1.2234992328081537e-08
75.86222557,398.57716560000006,180.7010313880083,1.2229325772536394e-08
75.76223305,398.5759421,180.70103131793942,1.2229308398193994e-08
75.66224054,398.57471860000004,180.7010313880082,1.2234992300971266e-08
75.56224802,398.57349510000006,180.70103131790685,1.224069360519574e-08
75.46225551,398.5722716,180.70103138804086,1.224069360519574e-08
75.36226299,398.57104810000004,180.70103131790685,1.2240676203748284e-08
75.26227048,398.5698246,180.70103138804078,1.2240676203748284e-08
75.16227796,398.5686011,180.70103131790685,1.224069360519574e-08
75.06228545,398.5673776,180.70103138804086,1.224069360519574e-08
74.96229293,398.5661541,180.70103131790685,1.2234992300971266e-08
74.86230042,398.5649306,180.7010313880082,1.2234992300971266e-08
74.7623079,398.56370710000004,180.70103131790685,1.224069360519574e-08
74.66231539,398.5624836,180.70103138804086,1.224069360519574e-08
74.56232287,398.5612601,180.70103131790685,1.2234992300971266e-08
74.46233036,398.56003660000005,180.7010313880082,1.2229308398193994e-08
74.36233784,398.5588131,180.70103131793942,1.2229325772536394e-08
74.26234533,398.55758960000003,180.7010313880083,1.2235009702418722e-08
74.16235281,398.55636610000005,180.70103131790685,9.987008059042079e-06
74.0623603,398.5551427,180.700974096566,9.987008059042079e-06
73.96236778,398.5539192,180.70103131790685,1.2235009702418722e-08
73.86237527,398.5526957,180.7010313880083,1.2235009702418722e-08
73.76238275,398.55147220000003,180.70103131790685,1.2240676203748284e-08
73.66239024,398.5502487,180.70103138804078,1.2234974926633828e-08
73.56239772,398.54902519999996,180.70103131793954,1.2229291023856809e-08
73.46240521,398.5478017,180.7010313880082,1.2229308398193994e-08
73.36241269,398.54657819999994,180.70103131793942,1.2229325772536394e-08
73.26242018,398.54535469999996,180.7010313880083,1.2235009702418722e-08
73.16242766,398.5441312,180.70103131790685,1.2234992300971266e-08
73.06243515,398.5429077,180.7010313880082,1.2229308398193994e-08
72.96244263,398.54168419999996,180.70103131793942,1.2229325772536394e-08
72.86245012,398.5404607,180.7010313880083,1.2235027076755908e-08
72.76245759999999,398.5392372,180.70103131790677,1.2235027076755908e-08
72.66246509,398.5380137,180.7010313880083,1.2229325772536394e-08
72.56247257,398.5367902,180.70103131793942,1.2229325772536394e-08
72.46248006,398.5355667,180.7010313880083,1.2235009702418722e-08
72.36248754,398.5343432,180.70103131790685,1.2240676203748284e-08
72.26249503,398.5331197,180.70103138804078,1.2240676203748284e-08
72.16250251,398.5318962,180.70103131790685,9.987013725572854e-06
72.06251,398.5306728,180.70097409653354,9.987013725572854e-06
71.96251748,398.5294493,180.70103131790685,1.2240676203748284e-08
71.86252497,398.5282258,180.70103138804078,1.2240676203748284e-08
71.76253245,398.5270023,180.70103131790685,1.2235009702418722e-08
71.66253994,398.5257788,180.7010313880083,1.2235009702418722e-08
71.56254742,398.52455530000003,180.70103131790685,1.2240676203748284e-08
71.46255491,398.5233318,180.70103138804078,1.2240676203748284e-08
71.36256239,398.5221083,180.70103131790685,1.2235009702418722e-08
71.26256988,398.52088480000003,180.7010313880083,1.2229325772536394e-08
71.16257736,398.5196613,180.70103131793942,1.2229308398193994e-08
71.06258485,398.5184378,180.7010313880082,1.2234974926634081e-08
70.96259233,398.51721430000003,180.70103131790697,1.2234974926634081e-08
70.86259982,398.51599080000005,180.7010313880082,1.2229308398193994e-08
70.7626073,398.5147673,180.70103131793942,1.2229325772536394e-08
70.66261479,398.51354380000004,180.7010313880083,1.2229325772536394e-08
70.56262227,398.5123203,180.70103131793942,1.2229308398193994e-08
70.46262976,398.5110968,180.7010313880082,1.2229308398193994e-08
70.36263724,398.5098733,180.70103131793942,1.2229325772536394e-08
70.26264473,398.5086498,180.7010313880083,1.0011482745412846e-05
70.16265221,398.5074264,180.70097402643782,1.0011488429315623e-05
70.06265970000001,398.50620289999995,180.70103138804086,1.2240711006637978e-08
69.96266718,398.50497939999997,180.70103131790677,1.2235027076755908e-08
69.86267467,398.5037559,180.7010313880083,1.2229325772536394e-08
69.76268215,398.50253239999995,180.70103131793942,1.2229308398193994e-08
69.66268964,398.50130889999997,180.7010313880082,1.2234992300971266e-08
69.56269712,398.5000854,180.70103131790685,1.2235009702418722e-08
69.46270461,398.4988619,180.7010313880083,1.2229325772536394e-08
69.36271209,398.49763839999997,180.70103131793942,1.2229308398193994e-08
69.26271958,398.4964149,180.7010313880082,1.2234992300971266e-08
69.16272706,398.4951914,180.70103131790685,1.224069360519574e-08
69.06273455,398.4939679,180.70103138804086,1.224069360519574e-08
68.96274203,398.4927444,180.70103131790685,1.2240676203748284e-08
68.86274952,398.49152089999995,180.70103138804078,1.2240676203748284e-08
68.762757,398.4902974,180.70103131790685,1.224069360519574e-08
68.66276449,398.48907389999994,180.70103138804086,1.224069360519574e-08
68.56277197,398.48785039999996,180.70103131790685,1.2234992300971266e-08
68.46277946,398.4866269,180.7010313880082,1.2234974926634081e-08
68.36278694,398.4854034,180.70103131790697,1.2240658829411102e-08
68.26279443,398.48417989999996,180.70103138804078,1.0011494095842135e-05
68.16280191,398.4829565,180.70097402640525,1.0011488429342935e-05
68.0628094,398.481733,180.7010313880083,1.2235009702418722e-08
67.96281688,398.48050950000004,180.70103131790685,1.2240676203748284e-08
67.86282437,398.479286,180.70103138804078,1.2240676203748284e-08
67.76283185,398.4780625,180.70103131790685,1.2235009702418722e-08
67.66283934,398.47683900000004,180.7010313880083,1.2229325772536394e-08
67.56284682,398.4756155,180.70103131793942,1.2234992300971013e-08
67.46285431,398.47439199999997,180.70103138804078,1.2240676203748284e-08
67.36286179,398.4731685,180.70103131790685,0.0
67.26286927,398.471945,180.70103131790685,1.224069360519574e-08
67.16287676,398.47072149999997,180.70103138804086,1.224069360519574e-08
67.06288424,398.469498,180.70103131790685,1.2234992300971266e-08
66.96289173,398.4682745,180.7010313880082,1.2229308398193994e-08
66.86289921,398.46705099999997,180.70103131793942,1.2229325772536394e-08
66.7629067,398.4658275,180.7010313880083,1.2235009702418722e-08
66.66291418,398.464604,180.70103131790685,1.2234992300971266e-08
66.56292167,398.4633805,180.7010313880082,1.2229308398193994e-08
66.46292915,398.462157,180.70103131793942,1.2229325772536394e-08
66.36293664,398.4609335,180.7010313880083,1.2235009702418722e-08
66.26294412,398.45971000000003,180.70103131790685,9.98701374297217e-06
66.16295161,398.4584866,180.70097409653343,9.987019444251415e-06
66.06295909,398.4572631,180.70103131793954,1.2229291023856809e-08
65.96296658,398.4560396,180.7010313880082,1.2234992300971266e-08
65.86297406,398.4548161,180.70103131790685,1.2235009702418722e-08
65.76298155,398.45359260000004,180.7010313880083,1.2229325772536394e-08
65.66298903,398.4523691,180.70103131793942,1.2229308398193994e-08
65.56299652,398.4511456,180.7010313880082,1.2234992300971266e-08
65.463004,398.44992210000004,180.70103131790685,0.0