-1.9225282609074843,-4.0693449091453,1.08689813854892
-1.8760049277672282,-3.980826100559097,1.08689813854892
-1.8294815946269718,-3.892307291972895,1.08689813854892
-1.7829582614867157,-3.8037884833866924,1.08689813854892
-1.7364349283464593,-3.71526967480049,1.08689813854892
-1.6899115952062032,-3.6267508662142878,1.08689813854892
-1.643388262065947,-3.5382320576280852,1.08689813854892
-1.5968649289256907,-3.4497132490418827,1.08689813854892
-1.5503415957854345,-3.3611944404556806,1.08689813854892
-1.5038182626451784,-3.272675631869478,1.08689813854892
-1.457294929504922,-3.184156823283276,1.08689813854892
-1.4107715963646656,-3.0956380146970734,1.08689813854892
-1.3642482632244095,-3.007119206110871,1.08689813854892
-1.3177249300841534,-2.918600397524669,1.08689813854892
-1.271201596943897,-2.830081588938466,1.08689813854892
-1.224678263803641,-2.7415627803522638,1.08689813854892
-1.1781549306633847,-2.6530439717660617,1.08689813854892
-1.1316315975231284,-2.5645251631798587,1.08689813854892
-1.0851082643828722,-2.4760063545936566,1.08689813854892
-1.038584931242616,-2.3874875460074545,1.08689813854892
-0.9920615981023598,-2.298968737421252,1.08689813854892
-0.9455382649621036,-2.2104499288350494,1.08689813854892
-0.8990149318218472,-2.1219311202488473,1.08689813854892
-0.8524915986815911,-2.033412311662645,1.08689813854892
-0.8059682655413347,-1.9448935030764423,1.08689813854892
-0.7594449324010788,-1.8563746944902402,1.08689813854892
-0.7129215992608224,-1.7678558859040376,1.08689813854892
-0.6663982661205663,-1.679337077317835,1.08689813854892
-0.6198749329803099,-1.5908182687316326,1.08689813854892
-0.5733515998400536,-1.50229946014543,1.08689813854892
-0.5268282666997977,-1.413780651559228,1.08689813854892
-0.4803049335595413,-1.3252618429730258,1.08689813854892
-0.43378160041928515,-1.2367430343868233,1.08689813854892
-0.3872582672790288,-1.1482242258006208,1.08689813854892
-0.34073493413877265,-1.0597054172144182,1.08689813854892
-0.2942116009985165,-0.9711866086282162,1.08689813854892
-0.24768826785826015,-0.8826678000420136,1.08689813854892
-0.201164934718004,-0.7941489914558115,1.08689813854892
-0.15464160157774764,-0.705630182869609,1.08689813854892
-0.1081182684374915,-0.6171113742834065,1.08689813854892
-0.061594935297235365,-0.5285925656972044,1.08689813854892
-0.015071602156979003,-0.4400737571110014,1.08689813854892
0.03145173098327714,-0.3515549485247993,1.08689813854892
0.07797506412353306,-0.2630361399385972,1.08689813854892
0.12449839726378986,-0.17451733135239467,1.08689813854892
0.17102173040404578,-0.08599852276619258,1.08689813854892
0.21754506354430214,0.00252028582000996,1.08689813854892
0.26406839668455806,0.09103909440621205,1.08689813854892
0.31059172982481487,0.17955790299241503,1.08689813854892
0.3571150629650708,0.2680767115786171,1.08689813854892
0.4036383961053267,0.3565955201648192,1.08689813854892
0.4501617292455835,0.4451143287510222,1.08689813854892
0.4966850623858394,0.5336331373372243,1.08689813854892
0.5432083955260958,0.6221519459234273,1.08689813854892
0.5897317286663517,0.7106707545096294,1.08689813854892
0.6362550618066081,0.7991895630958314,1.08689813854892
0.6827783949468644,0.8877083716820344,1.08689813854892
0.7293017280871203,0.9762271802682365,1.08689813854892
0.7758250612273772,1.0647459888544395,1.08689813854892
0.8223483943676331,1.1532647974406416,1.08689813854892
0.868871727507889,1.2417836060268437,1.08689813854892
0.9153950606481454,1.3303024146130458,1.08689813854892
0.9619183937884017,1.4188212231992479,1.08689813854892
1.008441726928658,1.5073400317854508,1.08689813854892
1.054965060068914,1.595858840371653,1.08689813854892
1.1014883932091704,1.684377648957855,1.08689813854892
1.1480117263494267,1.772896457544058,1.08689813854892
1.1945350594896826,1.86141526613026,1.08689813854892
1.241058392629939,1.949934074716463,1.08689813854892
1.2875817257701954,2.038452883302665,1.08689813854892
1.3341050589104513,2.1269716918888673,1.08689813854892
1.3806283920507076,2.2154905004750702,1.08689813854892
1.427151725190964,2.3040093090612723,1.08689813854892
1.4736750583312204,2.3925281176474744,1.08689813854892
1.5201983914714763,2.4810469262336765,1.08689813854892
1.5667217246117326,2.5695657348198786,1.08689813854892
1.613245057751989,2.6580845434060816,1.08689813854892
1.659768390892245,2.7466033519922837,1.08689813854892
1.7062917240325013,2.8351221605784866,1.08689813854892
1.7528150571727577,2.9236409691646887,1.08689813854892
1.7993383903130136,3.012159777750891,1.08689813854892
1.8458617234532695,3.100678586337093,1.08689813854892
1.8923850565935263,3.189197394923297,1.08689813854892
1.9389083897337827,3.277716203509499,1.08689813854892
1.9854317228740386,3.366235012095701,1.08689813854892
2.0319550560142945,3.454753820681903,1.08689813854892
2.0784783891545504,3.543272629268105,1.08689813854892
2.1250017222948077,3.631791437854308,1.08689813854892
2.171525055435064,3.7203102464405102,1.08689813854892
2.2180483885753195,3.8088290550267123,1.08689813854892
2.264571721715576,3.8973478636129144,1.08689813854892
2.311095054855832,3.9858666721991165,1.08689813854892
2.3576183879960886,4.0743854807853195,1.08689813854892
2.404141721136345,4.1629042893715225,1.08689813854892
2.4506650542766004,4.251423097957724,1.08689813854892
2.497188387416857,4.339941906543927,1.08689813854892
2.543711720557114,4.42846071513013,1.08689813854892
2.5902350536973695,4.516979523716333,1.08689813854892
2.636758386837626,4.605498332302534,1.08689813854892
2.6832817199778822,4.694017140888737,1.08689813854892
2.7298050531181377,4.782535949474938,1.08689813854892
2.776328386258395,4.871054758061143,1.08689813854892
2.8228517193986513,4.959573566647344,1.08689813854892
2.869375052538907,5.048092375233547,1.08689813854892
2.915898385679163,5.136611183819748,1.08689813854892
2.9624217188194195,5.225129992405951,1.08689813854892
3.008945051959676,5.313648800992154,1.08689813854892
3.0554683850999322,5.402167609578355,1.08689813854892
3.1019917182401877,5.490686418164558,1.08689813854892
3.148515051380444,5.5792052267507595,1.08689813854892
3.1950383845207004,5.6677240353369625,1.08689813854892
3.241561717660957,5.756242843923165,1.08689813854892
3.288085050801213,5.844761652509368,1.08689813854892
3.3346083839414695,5.93328046109557,1.08689813854892
3.381131717081725,6.021799269681773,1.08689813854892
3.4276550502219814,6.110318078267974,1.08689813854892
3.4741783833622386,6.1988368868541786,1.08689813854892
3.520701716502494,6.28735569544038,1.08689813854892
3.5672250496427504,6.375874504026583,1.08689813854892
3.613748382783007,6.464393312612784,1.08689813854892
3.6602717159232623,6.552912121198987,1.08689813854892
3.7067950490635195,6.64143092978519,1.08689813854892
3.753318382203775,6.729949738371391,1.08689813854892
3.7998417153440314,6.818468546957594,1.08689813854892
3.8463650484842877,6.906987355543795,1.08689813854892
3.892888381624543,6.995506164129998,1.08689813854892
3.9394117147648005,7.084024972716201,1.08689813854892
3.985935047905057,7.172543781302404,1.08689813854892
4.032458381045313,7.261062589888605,1.08689813854892
4.078981714185568,7.349581398474808,1.08689813854892
4.1255050473258255,7.43810020706101,1.08689813854892
4.172028380466081,7.526619015647213,1.08689813854892
4.218551713606338,7.615137824233416,1.08689813854892
4.265075046746594,7.703656632819617,1.08689813854892
4.311598379886849,7.79217544140582,1.08689813854892
4.358121713027106,7.880694249992021,1.08689813854892
4.404645046167362,7.969213058578226,1.08689813854892
4.451168379307619,8.057731867164428,1.08689813854892
4.497691712447875,8.146250675750629,1.08689813854892
4.54421504558813,8.23476948433683,1.08689813854892
4.590738378728387,8.323288292923035,1.08689813854892
4.6372617118686446,8.411807101509236,1.08689813854892
4.6837850450089,8.500325910095441,1.08689813854892
4.7303083781491555,8.588844718681642,1.08689813854892
4.776831711289413,8.677363527267843,1.08689813854892
4.823355044429668,8.765882335854045,1.08689813854892
4.8698783775699255,8.85440114444025,1.08689813854892
4.916401710710181,8.94291995302645,1.08689813854892
4.962925043850436,9.031438761612652,1.08689813854892
5.009448376990694,9.119957570198856,1.08689813854892
5.055971710130949,9.208476378785058,1.08689813854892
5.102495043271206,9.296995187371262,1.08689813854892
5.149018376411462,9.385513995957464,1.08689813854892
5.195541709551717,9.474032804543665,1.08689813854892
5.242065042691975,9.562551613129866,1.08689813854892
5.28858837583223,9.65107042171607,1.08689813854892
5.335111708972487,9.739589230302272,1.08689813854892
5.381635042112743,9.828108038888477,1.08689813854892
5.428158375253,9.916626847474678,1.08689813854892
5.4746817083932555,10.00514565606088,1.08689813854892
5.521205041533511,10.09366446464708,1.08689813854892
5.567728374673768,10.182183273233285,1.08689813854892
5.614251707814024,10.270702081819486,1.08689813854892
5.660775040954281,10.359220890405687,1.08689813854892
5.707298374094536,10.447739698991892,1.08689813854892
5.753821707234792,10.536258507578093,1.08689813854892
5.800345040375049,10.624777316164298,1.08689813854892
5.846868373515305,10.713296124750496,1.08689813854892
5.893391706655562,10.8018149333367,1.08689813854892
5.939915039795819,10.890333741922905,1.08689813854892
5.986438372936073,10.978852550509107,1.08689813854892
6.03296170607633,11.067371359095308,1.08689813854892
6.079485039216586,11.155890167681509,1.08689813854892
6.126008372356843,11.244408976267714,1.08689813854892
6.1725317054971,11.332927784853915,1.08689813854892
6.2190550386373555,11.421446593440116,1.08689813854892
6.265578371777613,11.509965402026321,1.08689813854892
6.3121017049178665,11.598484210612522,1.08689813854892
6.358625038058124,11.687003019198723,1.08689813854892
6.405148371198381,11.775521827784928,1.08689813854892
6.4516717043386365,11.86404063637113,1.08689813854892
6.498195037478894,11.95255944495733,1.08689813854892
6.544718370619149,12.041078253543532,1.08689813854892
6.591241703759405,12.129597062129736,1.08689813854892
6.637765036899662,12.218115870715938,1.08689813854892
6.684288370039917,12.306634679302139,1.08689813854892
6.730811703180175,12.395153487888344,1.08689813854892
6.77733503632043,12.483672296474545,1.08689813854892
6.823858369460686,12.572191105060746,1.08689813854892
6.870381702600943,12.66070991364695,1.08689813854892
6.916905035741198,12.749228722233152,1.08689813854892
6.9634283688814556,12.837747530819357,1.08689813854892
7.009951702021713,12.926266339405558,1.08689813854892
7.056475035161968,13.01478514799176,1.08689813854892
7.102998368302224,13.103303956577964,1.08689813854892
7.149521701442479,13.191822765164165,1.08689813854892
7.1960450345827365,13.280341573750366,1.08689813854892
7.242568367722994,13.368860382336571,1.08689813854892
7.289091700863249,13.457379190922772,1.08689813854892
7.3356150340035065,13.545897999508973,1.08689813854892
7.38213836714376,13.634416808095175,1.08689813854892
7.428661700284017,13.72293561668138,1.08689813854892
7.475185033424275,13.811454425267584,1.08689813854892
7.52170836656453,13.899973233853782,1.08689813854892
7.568231699704787,13.988492042439987,1.08689813854892
7.614755032845041,14.077010851026188,1.08689813854892
7.661278365985298,14.165529659612393,1.08689813854892
7.707801699125556,14.254048468198594,1.08689813854892
7.754325032265811,14.342567276784795,1.08689813854892
7.800848365406068,14.431086085371,1.08689813854892
7.847371698546324,14.5196048939572,1.08689813854892
7.893895031686579,14.608123702543402,1.08689813854892
7.9404183648268365,14.696642511129607,1.08689813854892
7.986941697967092,14.785161319715808,1.08689813854892
8.03346503110735,14.87368012830201,1.08689813854892
8.079988364247605,14.96219893688821,1.08689813854892
8.12651169738786,15.050717745474415,1.08689813854892
8.173035030528117,15.13923655406062,1.08689813854892
8.219558363668373,15.227755362646818,1.08689813854892
8.26608169680863,15.316274171233022,1.08689813854892
8.312605029948886,15.404792979819224,1.08689813854892
8.359128363089143,15.493311788405428,1.08689813854892
8.405651696229398,15.58183059699163,1.08689813854892
8.452175029369654,15.67034940557783,1.08689813854892
8.498698362509911,15.758868214164035,1.08689813854892
8.545221695650167,15.847387022750237,1.08689813854892
8.591745028790424,15.935905831336438,1.08689813854892
8.638268361930681,16.024424639922643,1.08689813854892
8.684791695070935,16.112943448508844,1.08689813854892
8.731315028211192,16.201462257095045,1.08689813854892
8.777838361351447,16.289981065681246,1.08689813854892
8.824361694491705,16.37849987426745,1.08689813854892
8.870885027631962,16.467018682853656,1.08689813854892
8.917408360772216,16.555537491439853,1.08689813854892
8.963931693912473,16.644056300026058,1.08689813854892
9.010455027052728,16.73257510861226,1.08689813854892
9.056978360192986,16.821093917198464,1.08689813854892
9.103501693333243,16.909612725784665,1.08689813854892
9.150025026473498,16.998131534370867,1.08689813854892
9.196548359613754,17.08665034295707,1.08689813854892
9.24307169275401,17.175169151543273,1.08689813854892
9.289595025894267,17.263687960129474,1.08689813854892
9.336118359034524,17.35220676871568,1.08689813854892
9.38264169217478,17.44072557730188,1.08689813854892
9.429165025315035,17.52924438588808,1.08689813854892
9.47568835845529,17.617763194474282,1.08689813854892
9.522211691595547,17.706282003060487,1.08689813854892
9.568735024735805,17.79480081164669,1.08689813854892
9.61525835787606,17.88331962023289,1.08689813854892
9.661781691016317,17.971838428819094,1.08689813854892
9.708305024156571,18.060357237405295,1.08689813854892
9.754828357296828,18.148876045991496,1.08689813854892
9.801351690437086,18.2373948545777,1.08689813854892
9.847875023577341,18.325913663163902,1.08689813854892
9.894398356717598,18.414432471750107,1.08689813854892
9.940921689857854,18.502951280336305,1.08689813854892
9.98744502299811,18.59147008892251,1.08689813854892
10.033968356138367,18.679988897508714,1.08689813854892
10.080491689278622,18.768507706094915,1.08689813854892
10.12701502241888,18.857026514681117,1.08689813854892
10.173538355559135,18.945545323267318,1.08689813854892
10.22006168869939,19.034064131853523,1.08689813854892
10.266585021839647,19.122582940439724,1.08689813854892
10.313108354979903,19.211101749025925,1.08689813854892
10.35963168812016,19.29962055761213,1.08689813854892
10.406155021260416,19.38813936619833,1.08689813854892
10.452678354400673,19.476658174784532,1.08689813854892
10.499201687540928,19.565176983370737,1.08689813854892
10.545725020681184,19.653695791956938,1.08689813854892
10.592248353821441,19.742214600543143,1.08689813854892
10.638771686961697,19.83073340912934,1.08689813854892
10.685295020101954,19.919252217715545,1.08689813854892
10.73181835324221,20.00777102630175,1.08689813854892
10.778341686382465,20.09628983488795,1.08689813854892
10.824865019522722,20.184808643474152,1.08689813854892
10.871388352662978,20.273327452060354,1.08689813854892
10.917911685803235,20.36184626064656,1.08689813854892
10.964435018943492,20.45036506923276,1.08689813854892
11.010958352083746,20.53888387781896,1.08689813854892
11.057481685224003,20.627402686405166,1.08689813854892
11.104005018364258,20.715921494991367,1.08689813854892
11.150528351504516,20.804440303577568,1.08689813854892
11.197051684644773,20.892959112163773,1.08689813854892
11.243575017785028,20.981477920749974,1.08689813854892
11.290098350925284,21.06999672933618,1.08689813854892
11.33662168406554,21.158515537922376,1.08689813854892
11.383145017205797,21.24703434650858,1.08689813854892
11.429668350346054,21.335553155094786,1.08689813854892
11.47619168348631,21.424071963680987,1.08689813854892
11.522715016626565,21.51259077226719,1.08689813854892
11.56923834976682,21.60110958085339,1.08689813854892
11.615761682907078,21.689628389439594,1.08689813854892
11.662285016047335,21.778147198025795,1.08689813854892
11.70880834918759,21.866666006611997,1.08689813854892
11.755331682327848,21.9551848151982,1.08689813854892
11.801855015468101,22.043703623784403,1.08689813854892
11.848378348608358,22.132222432370604,1.08689813854892
11.894901681748616,22.22074124095681,1.08689813854892
11.941425014888871,22.30926004954301,1.08689813854892
11.987948348029128,22.397778858129215,1.08689813854892
12.034471681169384,22.486297666715412,1.08689813854892
12.08099501430964,22.574816475301617,1.08689813854892
12.127518347449897,22.66333528388782,1.08689813854892
12.174041680590152,22.751854092474023,1.08689813854892
12.22056501373041,22.840372901060224,1.08689813854892
12.267088346870665,22.928891709646425,1.08689813854892
12.31361168001092,23.01741051823263,1.08689813854892
12.360135013151178,23.10592932681883,1.08689813854892
12.406658346291433,23.194448135405032,1.08689813854892
12.45318167943169,23.282966943991237,1.08689813854892
12.499705012571946,23.37148575257744,1.08689813854892
12.546228345712203,23.46000456116364,1.08689813854892
12.592751678852458,23.548523369749844,1.08689813854892
12.639275011992714,23.637042178336046,1.08689813854892
12.685798345132971,23.72556098692225,1.08689813854892
12.732321678273227,23.814079795508448,1.08689813854892
12.778845011413484,23.902598604094653,1.08689813854892
12.82536834455374,23.991117412680858,1.08689813854892
12.871891677693995,24.07963622126706,1.08689813854892
12.918415010834252,24.16815502985326,1.08689813854892
12.964938343974508,24.25667383843946,1.08689813854892
13.011461677114765,24.345192647025666,1.08689813854892
13.057985010255022,24.433711455611867,1.08689813854892
13.104508343395278,24.522230264198072,1.08689813854892
13.151031676535531,24.61074907278427,1.08689813854892
13.197555009675789,24.699267881370474,1.08689813854892
13.244078342816046,24.787786689956675,1.08689813854892
13.290601675956303,24.87630549854288,1.08689813854892
13.337125009096559,24.964824307129085,1.08689813854892
13.383648342236812,25.053343115715283,1.08689813854892
13.43017167537707,25.141861924301484,1.08689813854892
13.476695008517327,25.23038073288769,1.08689813854892
13.523218341657584,25.318899541473893,1.08689813854892
13.569741674797841,25.407418350060095,1.08689813854892
13.616265007938095,25.495937158646292,1.08689813854892
13.66278834107835,25.584455967232497,1.08689813854892
13.709311674218608,25.6729747758187,1.08689813854892
13.755835007358865,25.761493584404903,1.08689813854892
13.802358340499122,25.850012392991108,1.08689813854892
13.848881673639376,25.938531201577305,1.08689813854892
13.895405006779631,26.02705001016351,1.08689813854892
13.941928339919889,26.11556881874971,1.08689813854892
13.988451673060146,26.204087627335916,1.08689813854892
14.034975006200403,26.29260643592212,1.08689813854892
14.081498339340655,26.38112524450832,1.08689813854892
14.128021672480912,26.46964405309452,1.08689813854892
14.17454500562117,26.558162861680724,1.08689813854892
14.221068338761427,26.64668167026693,1.08689813854892
14.267591671901684,26.73520047885313,1.08689813854892
14.314115005041938,26.823719287439328,1.08689813854892
14.360638338182195,26.912238096025533,1.08689813854892
14.407161671322452,27.000756904611737,1.08689813854892
14.45368500446271,27.08927571319794,1.08689813854892
14.500208337602967,27.177794521784143,1.08689813854892
14.546731670743217,27.26631333037034,1.08689813854892
14.593255003883474,27.354832138956546,1.08689813854892
14.639778337023731,27.443350947542747,1.08689813854892
14.686301670163989,27.531869756128952,1.08689813854892
14.732825003304246,27.620388564715157,1.08689813854892
14.7793483364445,27.708907373301354,1.08689813854892
14.825871669584757,27.797426181887555,1.08689813854892
14.872395002725014,27.88594499047376,1.08689813854892
14.918918335865271,27.97446379905996,1.08689813854892
14.965441669005529,28.06298260764617,1.08689813854892
15.011965002145782,28.151501416232364,1.08689813854892
15.058488335286036,28.240020224818565,1.08689813854892
15.105011668426293,28.328539033404773,1.08689813854892
15.15153500156655,28.417057841990975,1.08689813854892
15.198058334706808,28.505576650577176,1.08689813854892
15.244581667847061,28.594095459163377,1.08689813854892
15.291105000987319,28.682614267749578,1.08689813854892
15.337628334127576,28.771133076335786,1.08689813854892
15.384151667267833,28.859651884921988,1.08689813854892
15.43067500040809,28.94817069350819,1.08689813854892
15.477198333548344,29.03668950209439,1.08689813854892
15.523721666688601,29.12520831068059,1.08689813854892
15.570244999828855,29.213727119266792,1.08689813854892
15.616768332969112,29.302245927853,1.08689813854892
15.66329166610937,29.390764736439202,1.08689813854892
15.709814999249623,29.479283545025403,1.08689813854892
15.75633833238988,29.567802353611604,1.08689813854892
15.802861665530138,29.656321162197806,1.08689813854892
15.849384998670395,29.744839970784014,1.08689813854892
15.895908331810652,29.833358779370215,1.08689813854892
15.94243166495091,29.921877587956416,1.08689813854892
15.988954998091163,30.010396396542617,1.08689813854892
16.03547833123142,30.09891520512882,1.08689813854892
16.082001664371678,30.18743401371502,1.08689813854892
16.12852499751193,30.275952822301228,1.08689813854892
16.17504833065219,30.36447163088743,1.08689813854892
16.221571663792442,30.45299043947363,1.08689813854892
16.2680949969327,30.541509248059832,1.08689813854892
16.314618330072957,30.630028056646033,1.08689813854892
16.361141663213214,30.71854686523224,1.08689813854892
16.40766499635347,30.807065673818443,1.08689813854892
16.454188329493725,30.895584482404637,1.08689813854892
16.500711662633982,30.984103290990845,1.08689813854892
16.54723499577424,31.072622099577046,1.08689813854892
16.593758328914497,31.161140908163247,1.08689813854892
16.64028166205475,31.249659716749456,1.08689813854892
16.686804995195004,31.33817852533565,1.08689813854892
16.73332832833526,31.426697333921858,1.08689813854892
16.77985166147552,31.51521614250806,1.08689813854892
16.826374994615776,31.60373495109426,1.08689813854892
16.872898327756033,31.69225375968047,1.08689813854892
16.919421660896287,31.780772568266663,1.08689813854892
16.965944994036544,31.869291376852864,1.08689813854892
17.0124683271768,31.957810185439072,1.08689813854892
17.05899166031706,32.046328994025274,1.08689813854892
17.105514993457316,32.134847802611475,1.08689813854892
17.152038326597566,32.223366611197676,1.08689813854892
17.198561659737823,32.31188541978388,1.08689813854892
17.24508499287808,32.400404228370085,1.08689813854892
17.291608326018338,32.48892303695629,1.08689813854892
17.338131659158595,32.57744184554249,1.08689813854892
17.38465499229885,32.66596065412869,1.08689813854892
17.431178325439106,32.75447946271489,1.08689813854892
17.477701658579363,32.84299827130109,1.08689813854892
17.52422499171962,32.9315170798873,1.08689813854892
17.570748324859878,33.0200358884735,1.08689813854892
17.61727165800013,33.1085546970597,1.08689813854892
17.663794991140385,33.1970735056459,1.08689813854892
17.710318324280642,33.285592314232105,1.08689813854892
17.7568416574209,33.37411112281831,1.08689813854892
17.803364990561157,33.462629931404514,1.08689813854892
17.84988832370141,33.55114873999071,1.08689813854892
17.896411656841668,33.63966754857692,1.08689813854892
17.942934989981925,33.72818635716312,1.08689813854892
17.989458323122182,33.81670516574932,1.08689813854892
18.03598165626244,33.90522397433553,1.08689813854892
18.082504989402693,33.99374278292172,1.08689813854892
18.12902832254295,34.08226159150793,1.08689813854892
18.175551655683204,34.17078040009413,1.08689813854892
18.22207498882346,34.25929920868033,1.08689813854892
18.26859832196372,34.34781801726654,1.08689813854892
18.315121655103972,34.436336825852734,1.08689813854892
18.36164498824423,34.524855634438936,1.08689813854892
18.408168321384487,34.613374443025144,1.08689813854892
18.454691654524744,34.701893251611345,1.08689813854892
18.501214987665,34.790412060197546,1.08689813854892
18.547738320805255,34.87893086878375,1.08689813854892
18.594261653945512,34.96744967736995,1.08689813854892
18.64078498708577,35.05596848595616,1.08689813854892
18.687308320226027,35.14448729454236,1.08689813854892
18.73383165336628,35.23300610312856,1.08689813854892
18.780354986506534,35.32152491171476,1.08689813854892
18.82687831964679,35.41004372030096,1.08689813854892
18.87340165278705,35.49856252888716,1.08689813854892
18.919924985927306,35.58708133747337,1.08689813854892
18.966448319067563,35.67560014605957,1.08689813854892
19.012971652207817,35.764118954645774,1.08689813854892
19.059494985348074,35.852637763231975,1.08689813854892
19.10601831848833,35.941156571818176,1.08689813854892
19.15254165162859,36.029675380404385,1.08689813854892
19.199064984768846,36.118194188990586,1.08689813854892
19.245588317909096,36.20671299757678,1.08689813854892
19.292111651049353,36.29523180616299,1.08689813854892
19.33863498418961,36.38375061474919,1.08689813854892
19.385158317329868,36.47226942333539,1.08689813854892
19.431681650470125,36.5607882319216,1.08689813854892
19.47820498361038,36.64930704050779,1.08689813854892
19.524728316750636,36.737825849094,1.08689813854892
19.571251649890893,36.8263446576802,1.08689813854892
19.61777498303115,36.914863466266404,1.08689813854892
19.664298316171408,37.00338227485261,1.08689813854892
19.71082164931166,37.091901083438806,1.08689813854892
19.757344982451915,37.18041989202501,1.08689813854892
19.803868315592172,37.268938700611216,1.08689813854892
19.85039164873243,37.35745750919742,1.08689813854892
19.896914981872687,37.44597631778362,1.08689813854892
19.94343831501294,37.53449512636982,1.08689813854892
19.989961648153198,37.62301393495602,1.08689813854892
20.036484981293455,37.71153274354223,1.08689813854892
20.083008314433712,37.80005155212843,1.08689813854892
20.12953164757397,37.88857036071463,1.08689813854892
20.176054980714223,37.97708916930083,1.08689813854892
20.22257831385448,38.06560797788703,1.08689813854892
20.269101646994734,38.154126786473235,1.08689813854892
20.31562498013499,38.24264559505944,1.08689813854892
20.36214831327525,38.331164403645644,1.08689813854892
20.408671646415502,38.419683212231845,1.08689813854892
20.45519497955576,38.50820202081805,1.08689813854892
20.501718312696017,38.59672082940425,1.08689813854892
20.548241645836274,38.685239637990456,1.08689813854892
20.59476497897653,38.77375844657666,1.08689813854892
20.641288312116785,38.86227725516285,1.08689813854892
20.687811645257042,38.95079606374906,1.08689813854892
20.7343349783973,39.03931487233526,1.08689813854892
20.780858311537553,39.12783368092146,1.08689813854892
20.82738164467781,39.21635248950767,1.08689813854892
20.873904977818064,39.304871298093865,1.08689813854892
20.92042831095832,39.393390106680066,1.08689813854892
20.96695164409858,39.481908915266274,1.08689813854892
21.013474977238836,39.570427723852475,1.08689813854892
21.059998310379093,39.658946532438684,1.08689813854892
21.106521643519347,39.74746534102488,1.08689813854892
21.153044976659604,39.83598414961108,1.08689813854892
21.19956830979986,39.92450295819729,1.08689813854892
21.24609164294012,40.01302176678349,1.08689813854892
21.292614976080376,40.10154057536969,1.08689813854892
21.339138309220626,40.19005938395589,1.08689813854892
21.385661642360883,40.27857819254209,1.08689813854892
21.43218497550114,40.36709700112829,1.08689813854892
21.478708308641398,40.4556158097145,1.08689813854892
21.525231641781655,40.5441346183007,1.08689813854892
21.57175497492191,40.632653426886904,1.08689813854892
21.618278308062166,40.721172235473105,1.08689813854892
21.664801641202423,40.809691044059306,1.08689813854892
21.71132497434268,40.898209852645515,1.08689813854892
21.757848307482938,40.986728661231716,1.08689813854892
21.80437164062319,41.07524746981791,1.08689813854892
21.850894973763445,41.16376627840412,1.08689813854892
21.897418306903703,41.25228508699032,1.08689813854892
21.94394164004396,41.34080389557652,1.08689813854892
21.990464973184217,41.42932270416273,1.08689813854892
22.03698830632447,41.51784151274892,1.08689813854892
22.083511639464728,41.60636032133513,1.08689813854892
22.130034972604985,41.69487912992133,1.08689813854892
22.176558305745242,41.783397938507534,1.08689813854892
22.2230816388855,41.87191674709374,1.08689813854892
22.269604972025753,41.960435555679936,1.08689813854892
22.31612830516601,42.04895436426614,1.08689813854892
22.362651638306264,42.137473172852346,1.08689813854892
22.40917497144652,42.22599198143855,1.08689813854892
22.45569830458678,42.31451079002475,1.08689813854892
22.478668132433096,42.35821491991279,1.0901636836564292
22.525398773385895,42.44782698198549,1.0900176587899355
22.572153146067436,42.53742071898045,1.0895795385031164
22.61895498220648,42.62697780581992,1.0888491860721463
22.665828013531762,42.71647991742616,1.0878263747528607
22.712795971772042,42.80590872872144,1.0865107894795871
22.759882588656065,42.895245914628006,1.0849020292544802
22.80711159591257,42.984473150068105,1.0829996102381916
22.85450672527032,43.07357210996402,1.080802969555586
22.902091708458048,43.16252446923799,1.078311469832951
22.949890277204517,43.251311902812276,1.0755244044856633
22.997926163238464,43.33991608560914,1.072441003777551
23.046223098288642,43.428318692550825,1.0690604416751635
23.0948048140838,43.51650139855961,1.0653818435217786
23.143695042352686,43.60444587855774,1.0614042945571742
23.192917514824043,43.69213380746748,1.0571268493099095
23.242495963226627,43.77954686021108,1.0525485418890206
23.29245411928918,43.866666711710785,1.0476683972015612
23.342815714740457,43.95347503688888,1.0424854431212236
23.393604481309197,44.03995351066761,1.0369987236312768
23.444844150724155,44.12608380796923,1.0312073129621553
23.496558454714076,44.211847603715995,1.025110330740139
23.54877112500771,44.29722657283017,1.0187069581585642
23.601505893333808,44.38220239023401,1.0119964551768321
23.654786491421113,44.466756730849774,1.0049781787450094
23.708636650998372,44.55087126959971,0.9976516020429821
23.76308010379434,44.63452768140609,0.9900163347128349
23.81814058153776,44.71770764119117,0.9820721440513462
23.873841815957384,44.80039282387719,0.9738189771161402
23.93020753878196,44.88256490438643,0.9652569836841368
23.98726148174023,44.96420555764112,0.9563865399844891
24.04502737656095,45.04529645856355,0.9472082731102442
24.10352895497286,45.12581928207596,0.9377230859936309
24.162789948704717,45.2057557031006,0.9279321828092799
24.222834089485264,45.285087396559746,0.9178370946480764
24.283685109043248,45.363796037375636,0.907439705281952
24.345366739107423,45.441863300470544,0.8967422768171307
24.407902711406532,45.519270860766724,0.8857474750105382
24.471316757669328,45.59600039318643,0.8744583940017576
24.535632609624553,45.67203357265191,0.8628785801916344
24.600866870966836,45.74735734204329,0.8513472896336685
24.666982261214983,45.82199846722156,0.8405741345029472
24.73391686971533,45.89600191692221,0.8305804895327056
24.801608658988915,45.96941275361066,0.8213642129572287
24.8699955915568,46.042276039752345,0.8129227125113763
24.939015629940016,46.11463683781268,0.8052531121789714
25.008606736659623,46.18654021025709,0.7983524029425538
25.078706874236648,46.25803121955103,0.7922175777548581
25.149254005192144,46.32915492815989,0.7868457511315365
25.220186092047157,46.39995639854911,0.7822342638789627
25.291441097322735,46.470480693184136,0.7783807735295449
25.362956983539917,46.54077287453036,0.7752833310686358
25.43467171321975,46.61087800505324,0.7729404445098603
25.50653586170963,46.68083017233242,0.7708406145576254
25.578554177890034,46.7506163255568,0.7684229753704236
25.650745952225325,46.820210760746384,0.765686897901879
25.72313047536076,46.88958777376377,0.7626320038025222
25.795727037941592,46.958721660471575,0.7592578722138948
25.868554930613083,47.02758671673238,0.755564048949283
25.941633444020493,47.09615723840879,0.7515500566812802
26.014981868809087,47.164407521363415,0.7472154061537709
26.088619495624112,47.23231186145885,0.7425596084349493
26.162565615110832,47.29984455455768,0.7375821882261315
26.236839517914515,47.36697989652252,0.7322826982382898
26.311460494680404,47.43369218321596,0.7266607346443328
26.386447836053765,47.49995571050062,0.7207159536100789
26.46182083267986,47.565744774239086,0.7144480889005346
26.537598775203946,47.63103367029395,0.7078569705503807
26.61380095427128,47.695796694527836,0.7009425445784424
26.69044666052712,47.760008142803315,0.6937048937152651
26.767555184616732,47.82364231098301,0.6861442591007165
26.84514581718537,47.88667349492951,0.6782610628947423
26.923237848878287,47.94907599050541,0.670055931729018
27.001850570340753,48.01082409357332,0.661529720910307
27.081003272218023,48.071892099995836,0.6526835392679179
27.16071524515535,48.13225430563557,0.6435187745178936
27.241005779797998,48.1918850063551,0.6340371189956213
27.32189416679123,48.25075849801705,0.6242405955866895
27.403398887122137,48.30884954667339,0.6141783501880974
27.485523227095985,48.36614174232026,0.6040865273604622
27.568256968983075,48.42262651709556,0.5939958058901925
27.651589425000434,48.47829557610927,0.5839041599417559
27.735509907365067,48.533140624471415,0.5738095705134068
27.82000772829401,48.58715336729196,0.5637100257307306
27.905072200004273,48.64032550968092,0.5536035211519744
27.990692634712875,48.69264875674828,0.5434880600886517
28.07685834463684,48.74411481360403,0.5333616539448701
28.163558641993188,48.79471538535818,0.5232223225788195
28.250782838998933,48.844442177120705,0.5130680946898196
28.338520247871095,48.893286894001605,0.5028970082343218
28.4267601808267,48.941241241110895,0.4927071108742312
28.515491950082765,48.98829692355854,0.4824964604609034
28.60470486785631,49.03444564645455,0.47226312555815075
28.69438824636435,49.07967911490892,0.4620051860075793
28.78453139782391,49.12398903403163,0.4517207335395533
28.875123634452002,49.167367108932694,0.4414078724330698
28.966154268465655,49.209805044722096,0.4310647202277973
29.057612612081886,49.25129454650983,0.42068940849150355
29.149487977517715,49.29182731940589,0.4102800836460631
29.241769676990153,49.33139506852028,0.3998349078551956
29.334447022716233,49.36998949896298,0.3893520599770305
29.42750932691297,49.40760231584399,0.3788297365845384
29.520945901797376,49.44422522427331,0.3682661530567936
29.614746059586476,49.479849929360924,0.35765954474394934
29.708899112497292,49.51446813621683,0.3470081682087069
29.803394372746837,49.54807154995103,0.3363103025469426
29.898221158336625,49.58065192528169,0.3255693252704648
29.993369386331448,49.61220615453813,0.31488371703738216
30.088830086616678,49.642740673681224,0.30429237390557723
30.184594410137453,49.67226295688948,0.293795767897562
30.280653507838924,49.700780478341365,0.28339427879196993
30.376998530666235,49.72830071221536,0.2730881969742756
30.473620629564515,49.754831132689944,0.2628777263550515
30.570510955478916,49.7803792139436,0.25276298734098135
30.66766065935459,49.80495243015482,0.24274401984460647
30.765060892136667,49.828558255502074,0.23282078631955822
30.86270280477029,49.85120416416385,0.22299317480883804
30.960577548200614,49.872897630318626,0.213261001994526
31.058676273372775,49.89364612814489,0.2036240162381184
31.156990131231915,49.91345713182112,0.19408190060152558
31.25551027272318,49.93233811552579,0.1846342758395695
31.35422784879171,49.9502965534374,0.17528070335562412
31.45313401038265,49.96733991973441,0.16602068811282678
31.55221990844115,49.98347568859531,0.15685368149404255
31.65147669391234,49.9987113341986,0.14777908410450458
31.750895517741373,50.01305433072274,0.13879624851174927
31.850467530873395,50.026512152346214,0.1299044819181425
31.950183884253537,50.03909227324751,0.12110304876192879
32.05003572882695,50.050802167605106,0.11239117324333632
32.150014215538775,50.06164930959749,0.1037680417728432
32.25011049533416,50.07164117340314,0.0952328053392351
32.35031571915824,50.080785233200544,0.08678458179558156
32.45062103795617,50.089088963168166,0.07842245806171683
32.55101760267308,50.09655983748449,0.07014549224222909
32.65149656425412,50.103205330328024,0.06195271565935551
32.75204907364443,50.10903291587722,0.05384313480052787
32.852666281789155,50.11405006831059,0.04581573318063642
32.953339339633445,50.11826426180659,0.037869473119368266
33.05405939812243,50.121682970543695,0.03000329743423327
33.15481760820127,50.124313668700424,0.022216131050121733
33.25560512081509,50.12616383045522,0.01450688252643884
33.35641308690904,50.1272409299866,0.006874445503036914
33.45723265742828,50.12755244147301,-0.0006822999336808747
33.55805498331793,50.12710583909295,-0.008164485962983973
33.658871221660334,50.12590718146115,-0.015621074136387657
33.75967256475619,50.12395440396244,-0.02312780165601646
33.86045021744556,50.12124254973105,-0.030686650203137645
33.961195384583796,50.11776665838031,-0.038298715438487056
34.06189927102625,50.1135217695236,-0.04596508433764356
34.16255308162825,50.10850292277425,-0.05368683456045188
34.26314802124515,50.10270515774561,-0.06146503377161761
34.36367529473228,50.09612351405103,-0.06930073891137101
34.464126106945,50.08875303130386,-0.0771949954151226
34.56449166273864,50.08058874911745,-0.08514883638107405
34.664763166968534,50.07162570710515,-0.09316328168478769
34.76493182449005,50.061858944880306,-0.10123933703977986
34.8649888401585,50.05128350205627,-0.10937799300326796
34.96492541882926,50.0398944182464,-0.11758022392627947
35.06473276535765,50.027686733064016,-0.12584698684742646
35.164402084599004,50.01465548612249,-0.13417922032974974
35.263924581408695,50.00079571703518,-0.1425778432401597
35.363291460642046,49.98610246541541,-0.15104375347113416
35.46249392715439,49.97057077087655,-0.15957782660448225
35.56152318580109,49.95419567303193,-0.16818091451715433
35.660370441437486,49.93697221149492,-0.1768538439292526
35.75902689891891,49.918895425878844,-0.18559741489461032
35.85748376310071,49.89996035579708,-0.19441239923451917
35.955732238838216,49.880162040862956,-0.20329953891542096
36.05376353098681,49.859495520689826,-0.2122595443716506
36.15156884440179,49.837955834891055,-0.22129309277457582
36.249139383938505,49.81553802307997,-0.23040082624979585
36.346466354452325,49.79223712486992,-0.23958335004436412
36.44354096079857,49.76804817987427,-0.24884123064634106
36.540354407832595,49.74296622770636,-0.25817499385934584
36.636897900409735,49.716986307979546,-0.2675851228351373
36.73316264338532,49.690103460307164,-0.2770720560676618
36.82913984161472,49.66231272430258,-0.286636185352408
36.92482069995326,49.63360913957913,-0.2962778537153316
37.02019642325629,49.60398774575016,-0.30599735331606714
37.11525821637914,49.57344358242903,-0.3157949233305787
37.21000053183477,49.54197805203709,-0.3254487880856219
37.30443260771838,49.509621524895756,-0.3346953215191144
37.39856788757992,49.476412610649874,-0.3435323752838716
37.49241981526602,49.44238991952542,-0.351958652802361
37.5860018346233,49.407592061748424,-0.35997321642608504
37.67932738949835,49.37205764754489,-0.3675754453827045
37.77240992373781,49.33582528714084,-0.37476499530131313
37.865262881188286,49.298933590762275,-0.381541759507308
37.9578997056964,49.2614211686352,-0.3879058322377662
38.05033384110876,49.22332663098564,-0.39385747389204967
38.14257873127197,49.18468858803959,-0.39939707840061733
38.23464782003268,49.14554565002308,-0.40452514276763707
38.326554551237464,49.105936427162106,-0.40924223881982513
38.41831236873297,49.06589952968269,-0.41354898717479943
38.509934716365805,49.02547356781083,-0.4174460334268329
38.60143503798258,48.984697151772544,-0.42093402653595813
38.692826777429914,48.94360889179384,-0.42401359939760164
38.78412337855442,48.90224739810075,-0.42668535156397486
38.8753382852027,48.86065128091925,-0.4289498340850272
38.9664849412214,48.81885915047537,-0.4308075364355521
39.05757679045712,48.77690961699512,-0.4322588754957149
39.14862727675647,48.73484129070451,-0.43330418655459135
39.23964984396607,48.69269278182954,-0.43394371630994294
39.330657935932535,48.65050270059625,-0.4341776178421905
39.337639759050404,48.647265312748914,-0.48670310550152024
39.42602772549448,48.60049387501304,-0.48670310550152024
39.51441569193856,48.553722437277166,-0.48670310550152024
39.60280365838263,48.506950999541296,-0.48670310550152024
39.691191624826715,48.46017956180542,-0.48670310550152024
39.77957959127079,48.41340812406955,-0.48670310550152024
39.86796755771487,48.36663668633367,-0.48670310550152024
39.956355524158944,48.3198652485978,-0.48670310550152024
40.04474349060302,48.27309381086192,-0.48670310550152024
40.1331314570471,48.22632237312605,-0.48670310550152024
40.22151942349117,48.179550935390175,-0.48670310550152024
40.309907389935255,48.132779497654305,-0.48670310550152024
40.39829535637933,48.08600805991843,-0.48670310550152024
40.48668332282341,48.03923662218256,-0.48670310550152024
40.575071289267484,47.99246518444669,-0.48670310550152024
40.66345925571156,47.94569374671081,-0.48670310550152024
40.75184722215564,47.89892230897494,-0.48670310550152024
40.84023518859971,47.85215087123906,-0.48670310550152024
40.928623155043795,47.80537943350319,-0.48670310550152024
41.01701112148787,47.75860799576731,-0.48670310550152024
41.10539908793194,47.71183655803144,-0.48670310550152024
41.193787054376024,47.665065120295566,-0.48670310550152024
41.2821750208201,47.618293682559695,-0.48670310550152024
41.37056298726418,47.57152224482382,-0.48670310550152024
41.45895095370825,47.52475080708795,-0.48670310550152024
41.547338920152335,47.47797936935208,-0.48670310550152024
41.63572688659641,47.4312079316162,-0.48670310550152024
41.72411485304049,47.38443649388033,-0.48670310550152024
41.812502819484564,47.33766505614445,-0.48670310550152024
41.90089078592864,47.29089361840858,-0.48670310550152024
41.98927875237272,47.244122180672704,-0.48670310550152024
42.07766671881679,47.197350742936834,-0.48670310550152024
42.166054685260875,47.15057930520096,-0.48670310550152024
42.25444265170495,47.103807867465086,-0.48670310550152024
42.34283061814902,47.05703642972921,-0.48670310550152024
42.431218584593104,47.01026499199334,-0.48670310550152024
42.51960655103718,46.96349355425747,-0.48670310550152024
42.60799451748126,46.91672211652159,-0.48670310550152024
42.69638248392533,46.86995067878572,-0.48670310550152024
42.784770450369415,46.82317924104984,-0.48670310550152024
42.87315841681349,46.77640780331397,-0.48670310550152024
42.96154638325757,46.729636365578095,-0.48670310550152024
43.049934349701644,46.682864927842225,-0.48670310550152024
43.13832231614572,46.63609349010635,-0.48670310550152024
43.2267102825898,46.58932205237048,-0.48670310550152024
43.31509824903387,46.5425506146346,-0.48670310550152024
43.403486215477955,46.49577917689873,-0.48670310550152024
43.49187418192203,46.44900773916285,-0.48670310550152024
43.5802621483661,46.40223630142698,-0.48670310550152024
43.668650114810184,46.35546486369111,-0.48670310550152024
43.75703808125426,46.308693425955234,-0.48670310550152024
43.84542604769834,46.26192198821936,-0.48670310550152024
43.93381401414241,46.215150550483486,-0.48670310550152024
44.022201980586495,46.168379112747616,-0.48670310550152024
44.11058994703057,46.12160767501174,-0.48670310550152024
44.19897791347464,46.07483623727587,-0.48670310550152024
44.287365879918724,46.02806479953999,-0.48670310550152024
44.3757538463628,45.98129336180412,-0.48670310550152024
44.46414181280688,45.93452192406824,-0.48670310550152024
44.55252977925095,45.88775048633237,-0.48670310550152024
44.640917745695035,45.840979048596495,-0.48670310550152024
44.72930571213911,45.794207610860624,-0.48670310550152024
44.81769367858318,45.747436173124754,-0.48670310550152024
44.906081645027264,45.70066473538888,-0.48670310550152024
44.99446961147134,45.653893297653006,-0.48670310550152024
45.08285757791542,45.60712185991713,-0.48670310550152024
45.17124554435949,45.56035042218126,-0.48670310550152024
45.25963351080357,45.51357898444538,-0.48670310550152024
45.34802147724765,45.46680754670951,-0.48670310550152024
45.43640944369172,45.42003610897363,-0.48670310550152024
45.524797410135804,45.37326467123776,-0.48670310550152024
45.61318537657988,45.326493233501886,-0.48670310550152024
45.70157334302396,45.279721795766015,-0.48670310550152024
45.78996130946803,45.232950358030145,-0.48670310550152024
45.878349275912115,45.18617892029427,-0.48670310550152024
45.96673724235619,45.1394074825584,-0.48670310550152024
46.05512520880026,45.09263604482252,-0.48670310550152024
46.143513175244344,45.04586460708665,-0.48670310550152024
46.23190114168842,44.99909316935077,-0.48670310550152024
46.3202891081325,44.9523217316149,-0.48670310550152024
46.40867707457657,44.905550293879024,-0.48670310550152024
46.49706504102065,44.858778856143154,-0.48670310550152024
46.58545300746473,44.812007418407276,-0.48670310550152024
46.6738409739088,44.765235980671406,-0.48670310550152024
46.762228940352884,44.718464542935536,-0.48670310550152024
46.85061690679696,44.67169310519966,-0.48670310550152024
46.93900487324103,44.62492166746379,-0.48670310550152024
47.02739283968511,44.57815022972791,-0.48670310550152024
47.115780806129195,44.53137879199204,-0.48670310550152024
47.20416877257327,44.48460735425616,-0.48670310550152024
47.29255673901734,44.43783591652029,-0.48670310550152024
47.380944705461424,44.391064478784415,-0.48670310550152024
47.4693326719055,44.344293041048545,-0.48670310550152024
47.55772063834958,44.29752160331267,-0.48670310550152024
47.64610860479365,44.2507501655768,-0.48670310550152024
47.73449657123773,44.20397872784092,-0.48670310550152024
47.82288453768181,44.15720729010505,-0.48670310550152024
47.91127250412588,44.11043585236918,-0.48670310550152024
47.999660470569964,44.0636644146333,-0.48670310550152024
48.08804843701404,44.01689297689743,-0.48670310550152024
48.17643640345811,43.97012153916155,-0.48670310550152024
48.26482436990219,43.92335010142568,-0.48670310550152024
48.353212336346274,43.876578663689806,-0.48670310550152024
48.44160030279035,43.829807225953935,-0.48670310550152024
48.52998826923442,43.78303578821806,-0.48670310550152024
48.6183762356785,43.73626435048219,-0.48670310550152024
48.70676420212258,43.68949291274631,-0.48670310550152024
48.79515216856666,43.64272147501044,-0.48670310550152024
48.88354013501073,43.59595003727456,-0.48670310550152024
48.97192810145481,43.54917859953869,-0.48670310550152024
49.06031606789889,43.50240716180282,-0.48670310550152024
49.14870403434296,43.455635724066944,-0.48670310550152024
49.237092000787044,43.408864286331074,-0.48670310550152024
49.32547996723112,43.362092848595196,-0.48670310550152024
49.41386793367519,43.315321410859326,-0.48670310550152024
49.50225590011927,43.26854997312345,-0.48670310550152024
49.590643866563354,43.22177853538758,-0.48670310550152024
49.67903183300743,43.1750070976517,-0.48670310550152024
49.7674197994515,43.12823565991583,-0.48670310550152024
49.85580776589558,43.08146422217996,-0.48670310550152024
49.94419573233966,43.03469278444408,-0.48670310550152024
50.03258369878374,42.987921346708205,-0.48670310550152024
50.12097166522781,42.941149908972335,-0.48670310550152024
50.20935963167189,42.894378471236465,-0.48670310550152024
50.29774759811597,42.84760703350059,-0.48670310550152024
50.38613556456004,42.80083559576472,-0.48670310550152024
50.474523531004124,42.75406415802884,-0.48670310550152024
50.5629114974482,42.70729272029297,-0.48670310550152024
50.65129946389227,42.66052128255709,-0.48670310550152024
50.73968743033635,42.61374984482122,-0.48670310550152024
50.82807539678043,42.566978407085344,-0.48670310550152024
50.91646336322451,42.52020696934947,-0.48670310550152024
51.00485132966858,42.4734355316136,-0.48670310550152024
51.09323929611266,42.426664093877726,-0.48670310550152024
51.18162726255674,42.379892656141855,-0.48670310550152024
51.27001522900082,42.33312121840598,-0.48670310550152024
51.35840319544489,42.28634978067011,-0.48670310550152024
51.44679116188897,42.23957834293423,-0.48670310550152024
51.53517912833305,42.19280690519836,-0.48670310550152024
51.62356709477712,42.14603546746248,-0.48670310550152024
51.711955061221204,42.09926402972661,-0.48670310550152024
51.80034302766528,42.052492591990735,-0.48670310550152024
51.88873099410935,42.005721154254864,-0.48670310550152024
51.97711896055343,41.95894971651899,-0.48670310550152024
52.06550692699751,41.91217827878312,-0.48670310550152024
52.15389489344159,41.865406841047246,-0.48670310550152024
52.24228285988566,41.81863540331137,-0.48670310550152024
52.33067082632974,41.7718639655755,-0.48670310550152024
52.41905879277382,41.72509252783962,-0.48670310550152024
52.50744675921789,41.67832109010375,-0.48670310550152024
52.59583472566197,41.63154965236787,-0.48670310550152024
52.68422269210605,41.584778214632,-0.48670310550152024
52.77261065855013,41.538006776896125,-0.48670310550152024
52.8609986249942,41.491235339160255,-0.48670310550152024
52.949386591438284,41.444463901424385,-0.48670310550152024
53.03777455788236,41.39769246368851,-0.48670310550152024
53.12616252432643,41.35092102595263,-0.48670310550152024
53.21455049077051,41.30414958821676,-0.48670310550152024
53.30293845721459,41.25737815048089,-0.48670310550152024
53.39132642365867,41.21060671274501,-0.48670310550152024
53.47971439010274,41.16383527500914,-0.48670310550152024
53.56810235654682,41.117063837273264,-0.48670310550152024
53.6564903229909,41.070292399537394,-0.48670310550152024
53.74487828943497,41.023520961801516,-0.48670310550152024
53.83326625587905,40.976749524065646,-0.48670310550152024
53.92165422232313,40.92997808632977,-0.48670310550152024
54.01004218876721,40.8832066485939,-0.48670310550152024
54.09843015521128,40.83643521085803,-0.48670310550152024
54.186818121655364,40.78966377312215,-0.48670310550152024
54.27520608809944,40.74289233538627,-0.48670310550152024
54.36359405454351,40.6961208976504,-0.48670310550152024
54.45198202098759,40.64934945991453,-0.48670310550152024
54.54036998743167,40.602578022178655,-0.48670310550152024
54.62875795387575,40.555806584442784,-0.48670310550152024
54.71714592031982,40.50903514670691,-0.48670310550152024
54.8055338867639,40.46226370897104,-0.48670310550152024
54.89392185320798,40.41549227123516,-0.48670310550152024
54.98230981965205,40.36872083349929,-0.48670310550152024
55.07069778609613,40.32194939576341,-0.48670310550152024
55.15908575254021,40.27517795802754,-0.48670310550152024
55.24747371898428,40.22840652029167,-0.48670310550152024
55.33586168542836,40.18163508255579,-0.48670310550152024
55.424249651872444,40.13486364481992,-0.48670310550152024
55.51263761831652,40.088092207084046,-0.48670310550152024
55.60102558476059,40.041320769348175,-0.48670310550152024
55.689413551204666,39.9945493316123,-0.48670310550152024
55.77780151764875,39.94777789387643,-0.48670310550152024
55.86618948409283,39.90100645614055,-0.48670310550152024
55.9545774505369,39.85423501840468,-0.48670310550152024
56.04296541698098,39.8074635806688,-0.48670310550152024
56.13135338342506,39.76069214293293,-0.48670310550152024
56.21974134986914,39.713920705197054,-0.48670310550152024
56.30812931631321,39.667149267461184,-0.48670310550152024
56.39651728275729,39.620377829725314,-0.48670310550152024
56.48490524920136,39.573606391989436,-0.48670310550152024
56.57329321564544,39.526834954253566,-0.48670310550152024
56.661681182089524,39.48006351651769,-0.48670310550152024
56.7500691485336,39.43329207878182,-0.48670310550152024
56.83845711497767,39.38652064104594,-0.48670310550152024
56.92684508142175,39.33974920331007,-0.48670310550152024
57.01523304786583,39.29297776557419,-0.48670310550152024
57.10362101430991,39.24620632783832,-0.48670310550152024
57.19200898075398,39.199434890102445,-0.48670310550152024
57.28039694719806,39.152663452366575,-0.48670310550152024
57.36878491364214,39.1058920146307,-0.48670310550152024
57.45717288008621,39.05912057689483,-0.48670310550152024
57.54556084653029,39.01234913915896,-0.48670310550152024
57.63394881297437,38.96557770142308,-0.48670310550152024
57.72233677941844,38.91880626368721,-0.48670310550152024
57.81072474586252,38.87203482595133,-0.48670310550152024
57.8991127123066,38.82526338821546,-0.48670310550152024
57.98750067875068,38.778491950479584,-0.48670310550152024
58.07588864519475,38.73172051274371,-0.48670310550152024
58.164276611638826,38.684949075007836,-0.48670310550152024
58.25266457808291,38.638177637271966,-0.48670310550152024
58.34105254452699,38.591406199536095,-0.48670310550152024
58.42944051097106,38.54463476180022,-0.48670310550152024
58.51782847741514,38.49786332406434,-0.48670310550152024
58.60621644385921,38.45109188632847,-0.48670310550152024
58.6946044103033,38.4043204485926,-0.48670310550152024
58.78299237674737,38.35754901085672,-0.48670310550152024
58.87138034319145,38.31077757312085,-0.48670310550152024
58.95976830963552,38.264006135384975,-0.48670310550152024
59.0481562760796,38.217234697649104,-0.48670310550152024
59.136544242523684,38.17046325991323,-0.48670310550152024
59.22493220896776,38.123691822177356,-0.48670310550152024
59.31332017541183,38.07692038444148,-0.48670310550152024
59.40170814185591,38.03014894670561,-0.48670310550152024
59.49009610829999,37.98337750896974,-0.48670310550152024
59.57848407474407,37.93660607123386,-0.48670310550152024
59.66687204118814,37.88983463349799,-0.48670310550152024
59.75526000763222,37.84306319576211,-0.48670310550152024
59.8436479740763,37.79629175802624,-0.48670310550152024
59.93203594052037,37.749520320290365,-0.48670310550152024
60.02042390696445,37.702748882554495,-0.48670310550152024
60.10881187340853,37.65597744481862,-0.48670310550152024
60.1971998398526,37.60920600708275,-0.48670310550152024
60.28558780629668,37.56243456934687,-0.48670310550152024
60.373975772740756,37.515663131611,-0.48670310550152024
60.46236373918484,37.46889169387512,-0.48670310550152024
60.55075170562891,37.42212025613925,-0.48670310550152024
60.639139672072986,37.37534881840338,-0.48670310550152024
60.72752763851707,37.328577380667504,-0.48670310550152024
60.81591560496115,37.28180594293163,-0.48670310550152024
60.90430357140522,37.235034505195756,-0.48670310550152024
60.992691537849296,37.188263067459886,-0.48670310550152024
61.08107950429337,37.14149162972401,-0.48670310550152024
61.16946747073746,37.09472019198814,-0.48670310550152024
61.25785543718153,37.04794875425226,-0.48670310550152024
61.34624340362561,37.00117731651639,-0.48670310550152024
61.43463137006968,36.95440587878052,-0.48670310550152024
61.52301933651376,36.90763444104464,-0.48670310550152024
61.61140730295784,36.860863003308765,-0.48670310550152024
61.69979526940192,36.814091565572895,-0.48670310550152024
61.78818323584599,36.767320127837024,-0.48670310550152024
61.876571202290066,36.72054869010115,-0.48670310550152024
61.96495916873415,36.67377725236528,-0.48670310550152024
62.05334713517823,36.6270058146294,-0.48670310550152024
62.1417351016223,36.58023437689353,-0.48670310550152024
62.230123068066376,36.53346293915765,-0.48670310550152024
62.31851103451045,36.48669150142178,-0.48670310550152024
62.40689900095453,36.4399200636859,-0.48670310550152024
62.49528696739861,36.39314862595003,-0.48670310550152024
62.58367493384269,36.34637718821416,-0.48670310550152024
62.67206290028676,36.299605750478285,-0.48670310550152024
62.760450866730835,36.252834312742415,-0.48670310550152024
62.848838833174916,36.20606287500654,-0.48670310550152024
62.937226799619,36.15929143727067,-0.48670310550152024
63.02561476606307,36.11251999953479,-0.48670310550152024
63.114002732507146,36.06574856179892,-0.48670310550152024
63.20239069895123,36.01897712406304,-0.48670310550152024
63.29077866539531,35.97220568632717,-0.48670310550152024
63.37916663183938,35.925434248591294,-0.48670310550152024
63.467554598283456,35.878662810855424,-0.48670310550152024
63.55594256472753,35.83189137311955,-0.48670310550152024
63.64433053117161,35.785119935383676,-0.48670310550152024
63.73271849761569,35.738348497647806,-0.48670310550152024
63.82110646405977,35.69157705991193,-0.48670310550152024
63.90949443050384,35.64480562217606,-0.48670310550152024
63.99788239694792,35.59803418444018,-0.48670310550152024
64.086270363392,35.55126274670431,-0.48670310550152024
64.17465832983608,35.50449130896843,-0.48670310550152024
64.26304629628015,35.45771987123256,-0.48670310550152024
64.35143426272423,35.410948433496685,-0.48670310550152024
64.4398222291683,35.364176995760815,-0.48670310550152024
64.52821019561239,35.317405558024944,-0.48670310550152024
64.61659816205646,35.27063412028907,-0.48670310550152024
64.70498612850054,35.22386268255319,-0.48670310550152024
64.79337409494461,35.17709124481732,-0.48670310550152024
64.88176206138868,35.13031980708145,-0.48670310550152024
64.97015002783277,35.08354836934557,-0.48670310550152024
65.05853799427685,35.0367769316097,-0.48670310550152024
65.14692596072092,34.990005493873824,-0.48670310550152024
65.235313927165,34.94323405613795,-0.48670310550152024
65.32370189360907,34.896462618402076,-0.48670310550152024
65.41208986005316,34.849691180666206,-0.48670310550152024
65.50047782649723,34.80291974293033,-0.48670310550152024
65.5888657929413,34.75614830519446,-0.48670310550152024
65.67725375938538,34.70937686745859,-0.48670310550152024
65.76564172582947,34.66260542972271,-0.48670310550152024
65.85402969227354,34.61583399198684,-0.48670310550152024
65.94241765871762,34.56906255425096,-0.48670310550152024
66.03080562516169,34.52229111651509,-0.48670310550152024
66.11919359160578,34.475519678779214,-0.48670310550152024
66.20758155804985,34.428748241043344,-0.48670310550152024
